ABE,ATL,792	
ABE,BHM,339	
ABE,CLE,481	
ABE,CLT,503	
ABE,CVG,424	
ABE,DTW,87	
ABE,JFK,82	
ABE,LGA,654	
ABE,ORD,55	
ABE,PHL,158	
ABI,DFW,277	
ABQ,AMA,1269	
ABQ,ATL,619	
ABQ,AUS,1670	
ABQ,BWI,1411	
ABQ,CLE,1240	
ABQ,CVG,580	
ABQ,DAL,349	
ABQ,DEN,569	
ABQ,DFW,223	
ABQ,ELP,1805	
ABQ,EWR,759	
ABQ,HOU,1628	
ABQ,IAD,744	
ABQ,IAH,487	
ABQ,LAS,677	
ABQ,LAX,289	
ABQ,LBB,332	
ABQ,MAF,718	
ABQ,MCI,1552	
ABQ,MCO,1121	
ABQ,MDW,981	
ABQ,MSP,889	
ABQ,OAK,510	
ABQ,OKC,631	
ABQ,ONT,1118	
ABQ,ORD,1111	
ABQ,PDX,328	
ABQ,PHX,628	
ABQ,SAN,609	
ABQ,SAT,1180	
ABQ,SEA,896	
ABQ,SFO,493	
ABQ,SLC,866	
ABQ,SMF,934	
ABQ,STL,1497	
ABQ,TPA,608	
ABQ,TUL,321	
ABQ,TUS,146	
ABY,ATL,218	
ACK,EWR,199	
ACK,JFK,89	
ACT,DFW,56	
ACV,CEC,327	
ACV,MRY,250	
ACV,SFO,276	
ACV,SJC,635	
ACV,SLC,207	
ACV,SMF,678	
ACY,ATL,92	
ACY,JFK,99	
ACY,LGA,1192	
ADK,ANC,252	
ADQ,ANC,500	
AEX,ATL,285	
AEX,DFW,190	
AEX,IAH,143	
AGS,ATL,140	
AGS,CLT,678	
AGS,LGA,289	
AKN,ANC,71	
AKN,DLG,852	
ALB,ATL,145	
ALB,BOS,288	
ALB,BWI,424	
ALB,CLE,646	
ALB,CLT,623	
ALB,CVG,318	
ALB,DCA,488	
ALB,DTW,143	
ALB,EWR,1204	
ALB,FLL,145	
ALB,JFK,2237	
ALB,LAS,1073	
ALB,MCO,717	
ALB,MDW,979	
ALB,MSP,723	
ALB,ORD,212	
ALB,PHL,645	
ALB,SBN,1130	
ALB,TPA,166	
ALO,MSP,277	
AMA,ABQ,324	
AMA,DAL,358	
AMA,DEN,313	
AMA,DFW,519	
AMA,IAH,758	
AMA,LAS,335	
AMA,TUL,1192	
ANC,ADK,252	
ANC,ADQ,289	
ANC,AKN,3417	
ANC,ATL,399	
ANC,BET,160	
ANC,CDV,3110	
ANC,CVG,2406	
ANC,DEN,3043	
ANC,DFW,329	
ANC,DLG,2986	
ANC,DTW,261	
ANC,FAI,2777	
ANC,HNL,3266	
ANC,IAH,571	
ANC,JNU,2304	
ANC,LAS,2345	
ANC,LAX,2518	
ANC,MSP,2797	
ANC,OGG,539	
ANC,OME,2846	
ANC,ORD,549	
ANC,OTZ,1542	
ANC,PDX,2551	
ANC,PHX,626	
ANC,SCC,1449	
ANC,SEA,2018	
ANC,SFO,2125	
ANC,SLC,1304	
ASE,ATL,125	
ASE,DEN,89	
ASE,GJT,737	
ASE,LAX,951	
ASE,MSN,1013	
ASE,ORD,491	
ASE,PHX,954	
ASE,RFD,848	
ASE,SFO,291	
ASE,SLC,692	
ATL,ABE,1269	
ATL,ABQ,146	
ATL,ABY,678	
ATL,ACY,500	
ATL,AEX,143	
ATL,AGS,852	
ATL,ALB,3417	
ATL,ANC,1304	
ATL,ASE,765	
ATL,ATW,813	
ATL,AUS,164	
ATL,AVL,714	
ATL,AVP,859	
ATL,BDL,1134	
ATL,BGR,134	
ATL,BHM,533	
ATL,BMI,214	
ATL,BNA,1838	
ATL,BOI,946	
ATL,BOS,238	
ATL,BQK,449	
ATL,BTR,960	
ATL,BTV,712	
ATL,BUF,576	
ATL,BWI,1641	
ATL,BZN,191	
ATL,CAE,528	
ATL,CAK,106	
ATL,CHA,457	
ATL,CHO,259	
ATL,CHS,694	
ATL,CID,554	
ATL,CLE,227	
ATL,CLT,446	
ATL,CMH,1185	
ATL,COS,876	
ATL,CRP,363	
ATL,CRW,83	
ATL,CSG,373	
ATL,CVG,366	
ATL,DAB,432	
ATL,DAY,547	
ATL,DCA,1199	
ATL,DEN,732	
ATL,DFW,171	
ATL,DHN,743	
ATL,DSM,594	
ATL,DTW,1312	
ATL,EGE,1282	
ATL,ELP,350	
ATL,EVV,433	
ATL,EWN,745	
ATL,EWR,646	
ATL,EYW,331	
ATL,FAY,1841	
ATL,FCA,581	
ATL,FLL,273	
ATL,FLO,644	
ATL,FNT,954	
ATL,FSD,579	
ATL,FSM,508	
ATL,FWA,300	
ATL,GNV,352	
ATL,GPT,774	
ATL,GRB,803	
ATL,GRK,640	
ATL,GRR,306	
ATL,GSO,153	
ATL,GSP,241	
ATL,GTR,1301	
ATL,GUC,1340	
ATL,HDN,239	
ATL,HHH,4502	
ATL,HNL,696	
ATL,HOU,780	
ATL,HPN,151	
ATL,HSV,533	
ATL,IAD,689	
ATL,IAH,781	
ATL,ICT,377	
ATL,ILM,432	
ATL,IND,795	
ATL,ISP,1572	
ATL,JAC,341	
ATL,JAN,270	
ATL,JAX,760	
ATL,JFK,1747	
ATL,LAS,804	
ATL,LAW,1946	
ATL,LAX,303	
ATL,LEX,503	
ATL,LFT,761	
ATL,LGA,453	
ATL,LIT,369	
ATL,LWB,389	
ATL,LYH,692	
ATL,MCI,79	
ATL,MCN,403	
ATL,MCO,619	
ATL,MDT,590	
ATL,MDW,267	
ATL,MEI,332	
ATL,MEM,974	
ATL,MFE,147	
ATL,MGM,952	
ATL,MHT,595	
ATL,MIA,669	
ATL,MKE,443	
ATL,MLB,633	
ATL,MLI,448	
ATL,MLU,302	
ATL,MOB,707	
ATL,MSN,906	
ATL,MSP,425	
ATL,MSY,1352	
ATL,MTJ,317	
ATL,MYR,399	
ATL,OAJ,2130	
ATL,OAK,761	
ATL,OKC,821	
ATL,OMA,1900	
ATL,ONT,606	
ATL,ORD,516	
ATL,ORF,545	
ATL,PBI,2172	
ATL,PDX,247	
ATL,PFN,508	
ATL,PHF,665	
ATL,PHL,1587	
ATL,PHX,564	
ATL,PIA,526	
ATL,PIT,272	
ATL,PNS,903	
ATL,PVD,1027	
ATL,PWM,356	
ATL,RDU,481	
ATL,RIC,1993	
ATL,RNO,357	
ATL,ROA,749	
ATL,ROC,515	
ATL,RSW,1891	
ATL,SAN,874	
ATL,SAT,215	
ATL,SAV,566	
ATL,SBN,615	
ATL,SCE,321	
ATL,SDF,2182	
ATL,SEA,2139	
ATL,SFO,563	
ATL,SGF,552	
ATL,SHV,2116	
ATL,SJC,1547	
ATL,SJU,1589	
ATL,SLC,2092	
ATL,SMF,1919	
ATL,SNA,445	
ATL,SRQ,483	
ATL,STL,1599	
ATL,STT,1638	
ATL,STX,784	
ATL,SWF,793	
ATL,SYR,223	
ATL,TLH,549	
ATL,TOL,406	
ATL,TPA,227	
ATL,TRI,674	
ATL,TUL,253	
ATL,TUP,1541	
ATL,TUS,152	
ATL,TYS,208	
ATL,VLD,264	
ATL,VPS,589	
ATL,XNA,765	
ATW,ATL,907	
ATW,CHS,411	
ATW,CVG,321	
ATW,DSM,297	
ATW,DTW,96	
ATW,MKE,236	
ATW,MSP,160	
ATW,ORD,629	
ATW,XNA,619	
AUS,ABQ,813	
AUS,ATL,756	
AUS,BNA,1698	
AUS,BOS,1342	
AUS,BWI,1174	
AUS,CLE,1033	
AUS,CLT,958	
AUS,CVG,189	
AUS,DAL,775	
AUS,DEN,190	
AUS,DFW,813	
AUS,DSM,1149	
AUS,DTW,528	
AUS,ELP,1504	
AUS,EWR,1105	
AUS,FLL,148	
AUS,HOU,273	
AUS,HRL,1297	
AUS,IAD,140	
AUS,IAH,920	
AUS,IND,954	
AUS,JAX,1522	
AUS,JFK,1090	
AUS,LAS,1242	
AUS,LAX,341	
AUS,LBB,1226	
AUS,LGB,294	
AUS,MAF,650	
AUS,MCI,993	
AUS,MCO,972	
AUS,MDW,559	
AUS,MEM,1042	
AUS,MSP,445	
AUS,MSY,1497	
AUS,OAK,358	
AUS,OKC,1197	
AUS,ONT,978	
AUS,ORD,1319	
AUS,ORF,1430	
AUS,PHL,872	
AUS,PHX,1162	
AUS,RDU,1164	
AUS,SAN,1770	
AUS,SEA,1504	
AUS,SFO,1476	
AUS,SJC,1085	
AUS,SLC,1209	
AUS,SNA,722	
AUS,STL,928	
AUS,TPA,426	
AUS,TUL,797	
AUS,TUS,164	
AVL,ATL,275	
AVL,CVG,470	
AVL,DTW,583	
AVL,EWR,834	
AVL,IAH,488	
AVL,MCO,861	
AVL,MSP,714	
AVP,ATL,499	
AVP,CVG,398	
AVP,DTW,107	
AVP,HPN,113	
AVP,JFK,104	
AVP,LGA,631	
AVP,ORD,225	
AZO,CVG,113	
AZO,DTW,642	
AZO,FAR,426	
AZO,MSP,122	
AZO,ORD,623	
AZO,XNA,859	
BDL,ATL,852	
BDL,BNA,283	
BDL,BWI,475	
BDL,CLE,644	
BDL,CLT,661	
BDL,CVG,313	
BDL,DCA,1671	
BDL,DEN,1471	
BDL,DFW,548	
BDL,DTW,116	
BDL,EWR,1173	
BDL,FLL,798	
BDL,GRB,326	
BDL,IAD,1507	
BDL,IAH,728	
BDL,IND,106	
BDL,JFK,2298	
BDL,LAS,2527	
BDL,LAX,1050	
BDL,MCO,777	
BDL,MDW,1048	
BDL,MEM,1194	
BDL,MIA,780	
BDL,MKE,1050	
BDL,MSP,783	
BDL,ORD,1133	
BDL,PBI,196	
BDL,PHL,2213	
BDL,PHX,532	
BDL,RDU,1180	
BDL,RSW,1666	
BDL,SJU,1111	
BDL,TPA,399	
BET,ANC,845	
BFL,DEN,100	
BFL,FAT,224	
BFL,LAS,109	
BFL,LAX,425	
BFL,PHX,215	
BFL,SAN,238	
BFL,SFO,534	
BFL,SLC,265	
BFL,SMF,378	
BGM,DTW,1134	
BGR,ATL,201	
BGR,BOS,214	
BGR,BTV,906	
BGR,CVG,750	
BGR,DTW,393	
BGR,EWR,382	
BGR,JFK,1194	
BGR,MSP,134	
BHM,ATL,682	
BHM,AUS,177	
BHM,BNA,682	
BHM,BWI,604	
BHM,CLE,351	
BHM,CLT,396	
BHM,CVG,587	
BHM,DAL,1082	
BHM,DEN,597	
BHM,DFW,625	
BHM,DTW,850	
BHM,EWR,570	
BHM,HOU,74	
BHM,HSV,638	
BHM,IAD,562	
BHM,IAH,365	
BHM,JAX,866	
BHM,JFK,1618	
BHM,LAS,866	
BHM,LGA,478	
BHM,MCO,570	
BHM,MDW,211	
BHM,MEM,650	
BHM,MKE,321	
BHM,MSY,584	
BHM,ORD,1455	
BHM,PHX,481	
BHM,RDU,323	
BHM,SDF,1472	
BHM,SLC,410	
BHM,STL,460	
BHM,TPA,455	
BIL,DEN,177	
BIL,GTF,748	
BIL,MSP,1060	
BIL,ORD,283	
BIL,PIH,387	
BIL,SLC,517	
BIS,DEN,386	
BIS,MSP,220	
BIS,RAP,199	
BJI,MSP,757	
BLI,SLC,533	
BMI,ATL,690	
BMI,DFW,1452	
BMI,LAS,936	
BMI,MCO,116	
BMI,ORD,214	
BNA,ATL,756	
BNA,AUS,852	
BNA,BDL,177	
BNA,BHM,943	
BNA,BOS,588	
BNA,BWI,480	
BNA,CID,448	
BNA,CLE,329	
BNA,CLT,338	
BNA,CMH,1006	
BNA,COS,230	
BNA,CVG,562	
BNA,DCA,1013	
BNA,DEN,631	
BNA,DFW,457	
BNA,DTW,748	
BNA,EWR,793	
BNA,FLL,741	
BNA,FSD,670	
BNA,HOU,542	
BNA,IAD,657	
BNA,IAH,484	
BNA,JAX,766	
BNA,JFK,1588	
BNA,LAS,1797	
BNA,LAX,764	
BNA,LGA,491	
BNA,MCI,616	
BNA,MCO,395	
BNA,MDW,200	
BNA,MEM,806	
BNA,MIA,475	
BNA,MKE,695	
BNA,MSP,471	
BNA,MSY,1959	
BNA,OAK,1751	
BNA,ONT,409	
BNA,ORD,585	
BNA,ORF,675	
BNA,PHL,1448	
BNA,PHX,907	
BNA,PVD,443	
BNA,RDU,1751	
BNA,SAN,822	
BNA,SAT,1977	
BNA,SEA,1403	
BNA,SLC,271	
BNA,STL,612	
BNA,TPA,1838	
BOI,ATL,1377	
BOI,ATW,649	
BOI,DEN,287	
BOI,GEG,505	
BOI,GJT,520	
BOI,LAS,674	
BOI,LAX,1142	
BOI,MSP,511	
BOI,OAK,660	
BOI,ONT,1437	
BOI,ORD,344	
BOI,PDX,735	
BOI,PHX,1849	
BOI,PIT,335	
BOI,RNO,749	
BOI,SAN,399	
BOI,SEA,522	
BOI,SFO,291	
BOI,SLC,91	
BOS,ACK,946	
BOS,ATL,1698	
BOS,AUS,201	
BOS,BGR,943	
BOS,BNA,181	
BOS,BTV,396	
BOS,BUF,370	
BOS,BWI,549	
BOS,CAK,818	
BOS,CHS,563	
BOS,CLE,728	
BOS,CLT,640	
BOS,CMH,752	
BOS,CVG,399	
BOS,DCA,1754	
BOS,DEN,1562	
BOS,DFW,632	
BOS,DTW,200	
BOS,EWR,1237	
BOS,FLL,1468	
BOS,GGG,645	
BOS,GSO,413	
BOS,IAD,1597	
BOS,IAH,817	
BOS,IND,1011	
BOS,JAX,187	
BOS,JFK,2381	
BOS,LAS,2611	
BOS,LAX,185	
BOS,LGA,2602	
BOS,LGB,1121	
BOS,MCO,861	
BOS,MDW,1139	
BOS,MEM,1258	
BOS,MIA,860	
BOS,MKE,1124	
BOS,MSP,1367	
BOS,MSY,738	
BOS,MYR,2693	
BOS,OAK,867	
BOS,ORD,468	
BOS,ORF,1197	
BOS,PBI,2537	
BOS,PDX,464	
BOS,PHF,280	
BOS,PHL,2300	
BOS,PHX,496	
BOS,PIT,612	
BOS,RDU,474	
BOS,RIC,1249	
BOS,RSW,2588	
BOS,SAN,901	
BOS,SAV,829	
BOS,SDF,2496	
BOS,SEA,2704	
BOS,SFO,2689	
BOS,SJC,1674	
BOS,SJU,2105	
BOS,SLC,1220	
BOS,SRQ,1046	
BOS,STL,1693	
BOS,STT,1185	
BOS,TPA,79	
BPT,IAH,238	
BQK,ATL,1585	
BQN,EWR,1576	
BQN,JFK,1129	
BQN,MCO,308	
BRO,IAH,725	
BRW,ANC,503	
BRW,FAI,357	
BTM,SLC,449	
BTR,ATL,693	
BTR,CVG,985	
BTR,DCA,997	
BTR,DEN,383	
BTR,DFW,253	
BTR,IAH,319	
BTR,MEM,65	
BTR,MSY,810	
BTR,ORD,960	
BTV,ATL,408	
BTV,BWI,489	
BTV,CLE,702	
BTV,CVG,536	
BTV,DTW,266	
BTV,EWR,442	
BTV,IAD,749	
BTV,IND,267	
BTV,JFK,1195	
BTV,MCO,986	
BTV,MSP,763	
BTV,ORD,712	
BUF,ATL,396	
BUF,BOS,281	
BUF,BWI,192	
BUF,CLE,546	
BUF,CLT,410	
BUF,CVG,296	
BUF,DCA,1212	
BUF,DFW,240	
BUF,DTW,282	
BUF,EWR,1166	
BUF,FLL,284	
BUF,IAD,301	
BUF,JFK,1987	
BUF,LAS,1011	
BUF,MCO,468	
BUF,MDW,734	
BUF,MSP,473	
BUF,ORD,279	
BUF,PHL,1912	
BUF,PHX,1144	
BUF,RSW,1054	
BUF,TPA,850	
BUR,DEN,1231	
BUR,DFW,2279	
BUR,IAD,2465	
BUR,JFK,223	
BUR,LAS,325	
BUR,OAK,817	
BUR,PDX,369	
BUR,PHX,33	
BUR,PMD,109	
BUR,PSP,374	
BUR,RNO,937	
BUR,SEA,326	
BUR,SFO,296	
BUR,SJC,574	
BUR,SLC,358	
BUR,SMF,453	
BUR,TUS,1670	
BWI,ABQ,288	
BWI,ALB,576	
BWI,ATL,1342	
BWI,AUS,283	
BWI,BDL,682	
BWI,BHM,588	
BWI,BNA,370	
BWI,BOS,408	
BWI,BTV,281	
BWI,BUF,314	
BWI,CLE,361	
BWI,CLT,336	
BWI,CMH,430	
BWI,CVG,733	
BWI,DAB,406	
BWI,DAY,1491	
BWI,DEN,1217	
BWI,DFW,408	
BWI,DTW,169	
BWI,EWR,925	
BWI,FLL,528	
BWI,GRR,1246	
BWI,HOU,1235	
BWI,IAH,515	
BWI,IND,220	
BWI,ISP,888	
BWI,JAN,663	
BWI,JAX,184	
BWI,JFK,2106	
BWI,LAS,2329	
BWI,LAX,185	
BWI,LGA,912	
BWI,LIT,967	
BWI,MCI,787	
BWI,MCO,611	
BWI,MDW,787	
BWI,MEM,377	
BWI,MHT,946	
BWI,MIA,641	
BWI,MKE,936	
BWI,MSP,998	
BWI,MSY,1180	
BWI,OKC,622	
BWI,ORD,159	
BWI,ORF,883	
BWI,PBI,90	
BWI,PHL,1999	
BWI,PHX,210	
BWI,PIT,328	
BWI,PVD,452	
BWI,PWM,255	
BWI,RDU,277	
BWI,ROC,919	
BWI,RSW,2295	
BWI,SAN,1407	
BWI,SAT,549	
BWI,SAV,495	
BWI,SDF,2335	
BWI,SEA,2457	
BWI,SFO,1565	
BWI,SJU,1864	
BWI,SLC,880	
BWI,SRQ,737	
BWI,STL,842	
BWI,TPA,1641	
BZN,ATL,65	
BZN,BTM,525	
BZN,DEN,1401	
BZN,DTW,163	
BZN,IDA,902	
BZN,LAX,874	
BZN,MSP,1186	
BZN,ORD,807	
BZN,SFO,347	
BZN,SLC,191	
CAE,ATL,404	
CAE,CVG,922	
CAE,DFW,583	
CAE,DTW,602	
CAE,EWR,401	
CAE,IAD,878	
CAE,IAH,617	
CAE,LGA,511	
CAE,MEM,666	
CAE,ORD,528	
CAK,ATL,549	
CAK,BOS,214	
CAK,CVG,1224	
CAK,DEN,133	
CAK,DTW,1026	
CAK,FLL,1846	
CAK,LAS,396	
CAK,LGA,860	
CAK,MCO,344	
CAK,ORD,991	
CAK,RSW,894	
CAK,TPA,395	
CDC,LAX,50	
CDC,SGU,221	
CDC,SLC,160	
CDV,ANC,213	
CDV,YAK,56	
CEC,ACV,304	
CEC,SFO,106	
CHA,ATL,278	
CHA,CVG,695	
CHA,DFW,505	
CHA,DTW,686	
CHA,IAH,271	
CHA,MEM,501	
CHA,ORD,457	
CHO,ATL,342	
CHO,CVG,91	
CHO,DCA,259	
CHS,ATL,818	
CHS,BOS,595	
CHS,CLE,168	
CHS,CLT,497	
CHS,CVG,987	
CHS,DFW,668	
CHS,DTW,628	
CHS,EWR,441	
CHS,IAD,925	
CHS,IAH,193	
CHS,JAX,641	
CHS,LGA,589	
CHS,MEM,1087	
CHS,MSP,760	
CHS,ORD,86	
CHS,SAV,239	
CIC,FAT,221	
CIC,MRY,153	
CIC,SFO,694	
CID,ATL,419	
CID,CVG,692	
CID,DEN,685	
CID,DFW,104	
CID,DSM,431	
CID,DTW,929	
CID,LGA,208	
CID,MKE,221	
CID,MSP,196	
CID,ORD,86	
CLD,LAX,306	
CLD,PHX,339	
CLE,ABE,1411	
CLE,ABQ,424	
CLE,ALB,554	
CLE,ATL,1174	
CLE,AUS,475	
CLE,BDL,604	
CLE,BHM,448	
CLE,BNA,563	
CLE,BOS,489	
CLE,BTV,192	
CLE,BUF,314	
CLE,BWI,595	
CLE,CHS,430	
CLE,CLT,112	
CLE,CMH,221	
CLE,CVG,844	
CLE,DAB,162	
CLE,DAY,310	
CLE,DCA,1201	
CLE,DEN,1021	
CLE,DFW,612	
CLE,DSM,95	
CLE,DTW,404	
CLE,EWR,1062	
CLE,FLL,214	
CLE,GRR,381	
CLE,GSO,450	
CLE,GSP,288	
CLE,IAD,1091	
CLE,IAH,261	
CLE,IND,753	
CLE,JAX,425	
CLE,JFK,1825	
CLE,LAS,2053	
CLE,LAX,275	
CLE,LEX,418	
CLE,LGA,694	
CLE,MCI,895	
CLE,MCO,280	
CLE,MDT,307	
CLE,MDW,622	
CLE,MEM,544	
CLE,MHT,1080	
CLE,MIA,328	
CLE,MKE,402	
CLE,MSN,622	
CLE,MSP,917	
CLE,MSY,948	
CLE,OKC,729	
CLE,OMA,316	
CLE,ORD,435	
CLE,ORF,1020	
CLE,PBI,363	
CLE,PHL,1737	
CLE,PHX,540	
CLE,PVD,609	
CLE,PWM,416	
CLE,RDU,362	
CLE,RIC,245	
CLE,ROC,1025	
CLE,RSW,2026	
CLE,SAN,1241	
CLE,SAT,641	
CLE,SAV,304	
CLE,SDF,2021	
CLE,SEA,2161	
CLE,SFO,1839	
CLE,SJU,1565	
CLE,SLC,967	
CLE,SRQ,487	
CLE,STL,317	
CLE,SYR,927	
CLE,TPA,837	
CLE,TUL,403	
CLE,TYS,164	
CLL,DFW,74	
CLL,IAH,481	
CLT,ABE,140	
CLT,AGS,646	
CLT,ALB,227	
CLT,ATL,742	
CLT,ATW,1033	
CLT,AUS,644	
CLT,BDL,351	
CLT,BHM,329	
CLT,BNA,728	
CLT,BOS,546	
CLT,BUF,361	
CLT,BWI,168	
CLT,CHS,430	
CLT,CLE,346	
CLT,CMH,335	
CLT,CVG,416	
CLT,DAB,331	
CLT,DCA,1337	
CLT,DEN,936	
CLT,DFW,500	
CLT,DTW,1455	
CLT,EGE,529	
CLT,EWR,118	
CLT,FAY,631	
CLT,FLL,583	
CLT,GRR,83	
CLT,GSO,333	
CLT,HSV,321	
CLT,IAD,913	
CLT,IAH,185	
CLT,ILM,428	
CLT,IND,329	
CLT,JAX,541	
CLT,JFK,1916	
CLT,LAS,2125	
CLT,LAX,544	
CLT,LGA,641	
CLT,LIT,809	
CLT,MCI,468	
CLT,MCO,413	
CLT,MDT,584	
CLT,MDW,512	
CLT,MEM,737	
CLT,MHT,650	
CLT,MIA,651	
CLT,MKE,930	
CLT,MSP,651	
CLT,MSY,156	
CLT,MYR,191	
CLT,OAJ,599	
CLT,ORD,290	
CLT,ORF,590	
CLT,PBI,2282	
CLT,PDX,448	
CLT,PHL,1774	
CLT,PHX,366	
CLT,PIT,488	
CLT,PNS,683	
CLT,PVD,812	
CLT,PWM,130	
CLT,RDU,256	
CLT,RIC,573	
CLT,ROC,600	
CLT,RSW,2077	
CLT,SAN,1095	
CLT,SAT,213	
CLT,SAV,336	
CLT,SDF,2279	
CLT,SEA,2296	
CLT,SFO,1474	
CLT,SJU,1727	
CLT,SLC,2244	
CLT,SMF,547	
CLT,SRQ,575	
CLT,STL,1520	
CLT,STT,1562	
CLT,STX,603	
CLT,SYR,386	
CLT,TLH,508	
CLT,TPA,120	
CLT,TRI,1735	
CLT,TUS,446	
CMH,ATL,338	
CMH,BNA,640	
CMH,BOS,336	
CMH,BWI,112	
CMH,CLE,346	
CMH,CLT,116	
CMH,CVG,322	
CMH,DCA,1155	
CMH,DEN,927	
CMH,DFW,155	
CMH,DTW,462	
CMH,EWR,411	
CMH,GRB,242	
CMH,GRR,986	
CMH,IAH,801	
CMH,ICT,483	
CMH,JFK,1772	
CMH,LAS,1996	
CMH,LAX,478	
CMH,LGA,633	
CMH,MCI,802	
CMH,MCO,284	
CMH,MDW,518	
CMH,MEM,990	
CMH,MIA,331	
CMH,MKE,627	
CMH,MSP,689	
CMH,OMA,296	
CMH,ORD,931	
CMH,PBI,405	
CMH,PHL,1671	
CMH,PHX,361	
CMH,RDU,930	
CMH,RSW,1529	
CMH,SLC,410	
CMH,STL,412	
CMH,SYR,829	
CMH,TPA,825	
CMI,ABI,693	
CMI,DFW,135	
CMI,ORD,76	
CMI,SPI,277	
CMX,MSP,392	
COD,DEN,298	
COD,SLC,280	
COS,ABQ,1185	
COS,ATL,1221	
COS,CLE,1078	
COS,CVG,72	
COS,DEN,592	
COS,DFW,832	
COS,FAT,809	
COS,IAH,1087	
COS,LAN,604	
COS,LAS,833	
COS,LAX,538	
COS,MCI,855	
COS,MEM,924	
COS,MKE,725	
COS,MSP,789	
COS,ONT,911	
COS,ORD,551	
COS,PHX,816	
COS,SAN,963	
COS,SFO,410	
COS,SLC,911	
COS,SMF,230	
CPR,DEN,674	
CPR,MSP,949	
CPR,ORD,311	
CPR,PIH,320	
CPR,SLC,876	
CRP,ATL,354	
CRP,DFW,187	
CRP,HOU,201	
CRP,IAH,363	
CRW,ATL,320	
CRW,BNA,173	
CRW,CVG,281	
CRW,DTW,975	
CRW,IAH,166	
CRW,LEX,416	
CRW,ORD,83	
CSG,ATL,503	
CVG,ABE,1240	
CVG,ABQ,623	
CVG,ALB,3110	
CVG,ANC,373	
CVG,ATL,411	
CVG,ATW,958	
CVG,AUS,275	
CVG,AVL,499	
CVG,AVP,225	
CVG,AZO,661	
CVG,BDL,906	
CVG,BGR,396	
CVG,BHM,230	
CVG,BNA,752	
CVG,BOS,693	
CVG,BTR,702	
CVG,BTV,410	
CVG,BUF,430	
CVG,BWI,404	
CVG,CAE,214	
CVG,CAK,278	
CVG,CHA,342	
CVG,CHO,497	
CVG,CHS,419	
CVG,CID,221	
CVG,CLE,335	
CVG,CLT,116	
CVG,CMH,1078	
CVG,COS,173	
CVG,CRW,711	
CVG,DAB,64	
CVG,DAY,411	
CVG,DCA,1069	
CVG,DEN,812	
CVG,DFW,505	
CVG,DSM,229	
CVG,DTW,1189	
CVG,EGE,170	
CVG,EVV,569	
CVG,EWR,932	
CVG,FLL,701	
CVG,FSD,416	
CVG,GRB,268	
CVG,GRR,330	
CVG,GSO,317	
CVG,GSP,597	
CVG,HPN,325	
CVG,HSV,123	
CVG,HTS,388	
CVG,IAD,871	
CVG,IAH,500	
CVG,ILM,98	
CVG,IND,1386	
CVG,JAC,555	
CVG,JAN,614	
CVG,JAX,589	
CVG,JFK,258	
CVG,LAN,1678	
CVG,LAS,1900	
CVG,LAX,70	
CVG,LEX,585	
CVG,LGA,513	
CVG,LIT,539	
CVG,MCI,756	
CVG,MCO,429	
CVG,MDT,403	
CVG,MEM,741	
CVG,MHT,948	
CVG,MIA,318	
CVG,MKE,373	
CVG,MSN,596	
CVG,MSP,700	
CVG,MSY,489	
CVG,MYR,756	
CVG,OKC,614	
CVG,OMA,264	
CVG,ORD,485	
CVG,ORF,892	
CVG,PBI,1975	
CVG,PDX,612	
CVG,PFN,507	
CVG,PHL,1569	
CVG,PHX,256	
CVG,PIT,722	
CVG,PVD,810	
CVG,PWM,390	
CVG,RDU,413	
CVG,RIC,282	
CVG,ROA,461	
CVG,ROC,879	
CVG,RSW,1865	
CVG,SAN,1024	
CVG,SAT,515	
CVG,SAV,203	
CVG,SBN,383	
CVG,SCE,83	
CVG,SDF,1964	
CVG,SEA,2036	
CVG,SFO,491	
CVG,SGF,1449	
CVG,SLC,1877	
CVG,SNA,812	
CVG,SRQ,307	
CVG,STL,527	
CVG,SYR,181	
CVG,TOL,773	
CVG,TPA,216	
CVG,TRI,646	
CVG,TUL,396	
CVG,TVC,226	
CVG,TYS,608	
CVG,VPS,561	
CVG,XNA,363	
CWA,DTW,154	
CWA,MKE,234	
CWA,MLI,175	
CWA,MSP,213	
CWA,ORD,366	
DAB,ATL,733	
DAB,BWI,844	
DAB,CLE,416	
DAB,CLT,711	
DAB,CVG,884	
DAB,EWR,97	
DAB,JAX,896	
DAB,LGA,54	
DAB,MCO,580	
DAL,ABQ,324	
DAL,AMA,189	
DAL,AUS,587	
DAL,BHM,562	
DAL,ELP,239	
DAL,HOU,458	
DAL,HRL,217	
DAL,IAH,293	
DAL,LBB,296	
DAL,LIT,319	
DAL,MAF,461	
DAL,MCI,437	
DAL,MSY,181	
DAL,OKC,798	
DAL,ORD,248	
DAL,SAT,546	
DAL,STL,237	
DAL,TUL,432	
DAY,ATL,406	
DAY,BWI,162	
DAY,CLE,64	
DAY,CVG,1084	
DAY,DEN,861	
DAY,DFW,166	
DAY,DTW,533	
DAY,EWR,368	
DAY,IAD,929	
DAY,IAH,1701	
DAY,LAS,808	
DAY,MCO,284	
DAY,MKE,574	
DAY,MSP,240	
DAY,ORD,828	
DAY,TPA,147	
DBQ,ORD,318	
DCA,ALB,547	
DCA,ATL,313	
DCA,BDL,562	
DCA,BNA,399	
DCA,BOS,985	
DCA,BTR,296	
DCA,BUF,310	
DCA,CLE,331	
DCA,CLT,322	
DCA,CMH,411	
DCA,CVG,1476	
DCA,DEN,1192	
DCA,DFW,897	
DCA,DSM,405	
DCA,DTW,199	
DCA,EWR,899	
DCA,FLL,524	
DCA,GRR,613	
DCA,HSV,1208	
DCA,IAH,499	
DCA,IND,860	
DCA,JAN,634	
DCA,JAX,213	
DCA,JFK,2089	
DCA,LAS,2311	
DCA,LAX,414	
DCA,LEX,214	
DCA,LGA,759	
DCA,MCO,762	
DCA,MEM,407	
DCA,MHT,920	
DCA,MIA,634	
DCA,MKE,707	
DCA,MSN,931	
DCA,MSP,969	
DCA,MSY,612	
DCA,ORD,857	
DCA,PBI,119	
DCA,PHL,1979	
DCA,PHX,205	
DCA,PIT,611	
DCA,PLN,357	
DCA,PVD,227	
DCA,RDU,892	
DCA,RSW,2329	
DCA,SEA,1851	
DCA,SLC,851	
DCA,SRQ,719	
DCA,STL,298	
DCA,SYR,814	
DCA,TPA,963	
DCA,XNA,349	
DEN,ABQ,358	
DEN,AMA,2406	
DEN,ANC,125	
DEN,ASE,1199	
DEN,ATL,775	
DEN,AUS,1671	
DEN,BDL,845	
DEN,BFL,1082	
DEN,BHM,455	
DEN,BIL,517	
DEN,BIS,1013	
DEN,BNA,649	
DEN,BOI,1754	
DEN,BOS,997	
DEN,BTR,850	
DEN,BUR,1491	
DEN,BWI,525	
DEN,BZN,1224	
DEN,CAK,692	
DEN,CID,1201	
DEN,CLE,1337	
DEN,CLT,1155	
DEN,CMH,392	
DEN,COD,72	
DEN,COS,230	
DEN,CPR,1241	
DEN,CRW,1069	
DEN,CVG,90	
DEN,CYS,1084	
DEN,DAY,1476	
DEN,DCA,641	
DEN,DFW,251	
DEN,DRO,589	
DEN,DSM,1123	
DEN,DTW,121	
DEN,EGE,563	
DEN,ELP,997	
DEN,EUG,1605	
DEN,EWR,627	
DEN,FAR,844	
DEN,FAT,753	
DEN,FCA,1703	
DEN,FLL,483	
DEN,FSD,313	
DEN,GCC,836	
DEN,GEG,212	
DEN,GJT,905	
DEN,GRB,1014	
DEN,GRR,624	
DEN,GTF,152	
DEN,GUC,142	
DEN,HDN,594	
DEN,HLN,3365	
DEN,HNL,883	
DEN,HOU,1048	
DEN,HSV,1452	
DEN,IAD,861	
DEN,IAH,419	
DEN,ICT,458	
DEN,IDA,977	
DEN,IND,406	
DEN,JAC,1447	
DEN,JAX,1626	
DEN,JFK,3329	
DEN,KOA,629	
DEN,LAS,862	
DEN,LAX,1619	
DEN,LGA,3414	
DEN,LIH,770	
DEN,LIT,423	
DEN,LNK,1092	
DEN,MBS,533	
DEN,MCI,1545	
DEN,MCO,895	
DEN,MDW,872	
DEN,MEM,964	
DEN,MFR,1709	
DEN,MIA,895	
DEN,MKE,751	
DEN,MLI,960	
DEN,MRY,826	
DEN,MSN,679	
DEN,MSO,680	
DEN,MSP,1062	
DEN,MSY,197	
DEN,MTJ,957	
DEN,OAK,3303	
DEN,OGG,495	
DEN,OKC,472	
DEN,OMA,819	
DEN,ONT,888	
DEN,ORD,1679	
DEN,PBI,992	
DEN,PDX,1557	
DEN,PHL,602	
DEN,PHX,793	
DEN,PIA,463	
DEN,PIH,1290	
DEN,PIT,853	
DEN,PSC,776	
DEN,PSP,301	
DEN,RAP,899	
DEN,RDM,1436	
DEN,RDU,829	
DEN,RFD,260	
DEN,RKS,804	
DEN,RNO,1413	
DEN,ROC,1606	
DEN,RSW,853	
DEN,SAN,794	
DEN,SAT,916	
DEN,SBA,1023	
DEN,SDF,1024	
DEN,SEA,967	
DEN,SFO,637	
DEN,SGF,948	
DEN,SJC,391	
DEN,SLC,910	
DEN,SMF,846	
DEN,SNA,770	
DEN,STL,1506	
DEN,TPA,541	
DEN,TUL,639	
DEN,TUS,1031	
DEN,TVC,1162	
DEN,TYS,616	
DEN,XNA,158	
DFW,ABI,569	
DFW,ABQ,89	
DFW,ACT,285	
DFW,AEX,313	
DFW,AMA,3043	
DFW,ANC,732	
DFW,ATL,190	
DFW,AUS,1471	
DFW,BDL,597	
DFW,BHM,690	
DFW,BMI,631	
DFW,BNA,1562	
DFW,BOS,383	
DFW,BTR,1212	
DFW,BUF,1231	
DFW,BUR,1217	
DFW,BWI,922	
DFW,CAE,695	
DFW,CHA,987	
DFW,CHS,685	
DFW,CID,1021	
DFW,CLE,164	
DFW,CLL,936	
DFW,CLT,927	
DFW,CMH,693	
DFW,CMI,592	
DFW,COS,354	
DFW,CRP,812	
DFW,CVG,861	
DFW,DAY,1192	
DFW,DCA,641	
DFW,DEN,624	
DFW,DSM,987	
DFW,DTW,720	
DFW,EGE,551	
DFW,ELP,642	
DFW,EVV,1372	
DFW,EWR,1313	
DFW,FAT,1119	
DFW,FLL,1003	
DFW,FNT,228	
DFW,FSM,859	
DFW,FWA,140	
DFW,GGG,772	
DFW,GJT,500	
DFW,GPT,134	
DFW,GRK,931	
DFW,GRR,999	
DFW,GSO,862	
DFW,GSP,678	
DFW,GUC,769	
DFW,HDN,3784	
DFW,HNL,247	
DFW,HOU,603	
DFW,HSV,1172	
DFW,IAD,224	
DFW,IAH,328	
DFW,ICT,762	
DFW,IND,1046	
DFW,JAC,408	
DFW,JAN,919	
DFW,JAX,1391	
DFW,JFK,1055	
DFW,LAS,140	
DFW,LAW,1235	
DFW,LAX,282	
DFW,LBB,785	
DFW,LEX,351	
DFW,LFT,1389	
DFW,LGA,304	
DFW,LIT,394	
DFW,LRD,309	
DFW,MAF,460	
DFW,MCI,984	
DFW,MCO,1232	
DFW,MDT,432	
DFW,MEM,468	
DFW,MFE,1121	
DFW,MIA,853	
DFW,MKE,691	
DFW,MLI,293	
DFW,MLU,540	
DFW,MOB,821	
DFW,MSN,852	
DFW,MSP,448	
DFW,MSY,722	
DFW,MTJ,1456	
DFW,OAK,3711	
DFW,OGG,175	
DFW,OKC,583	
DFW,OMA,1189	
DFW,ONT,802	
DFW,ORD,1213	
DFW,ORF,1103	
DFW,PBI,1616	
DFW,PDX,1302	
DFW,PHL,868	
DFW,PHX,673	
DFW,PIA,1068	
DFW,PIT,604	
DFW,PNS,1126	
DFW,PSP,1062	
DFW,RDU,1158	
DFW,RIC,1345	
DFW,RNO,1266	
DFW,ROC,435	
DFW,ROW,1017	
DFW,RSW,1171	
DFW,SAN,247	
DFW,SAT,925	
DFW,SAV,1315	
DFW,SBA,733	
DFW,SDF,1660	
DFW,SEA,1464	
DFW,SFO,364	
DFW,SGF,190	
DFW,SHV,1438	
DFW,SJC,228	
DFW,SJT,2165	
DFW,SJU,988	
DFW,SLC,1431	
DFW,SMF,1205	
DFW,SNA,113	
DFW,SPS,551	
DFW,STL,1337	
DFW,SYR,929	
DFW,TPA,237	
DFW,TUL,813	
DFW,TUS,181	
DFW,TXK,103	
DFW,TYR,772	
DFW,TYS,626	
DFW,VPS,281	
DFW,XNA,171	
DHN,ATL,329	
DLG,ANC,541	
DLH,DTW,144	
DLH,MSP,159	
DRO,ABQ,251	
DRO,DEN,351	
DRO,PHX,338	
DRO,SLC,743	
DSM,ATL,612	
DSM,CLE,505	
DSM,CVG,302	
DSM,CWA,897	
DSM,DCA,589	
DSM,DEN,624	
DSM,DFW,534	
DSM,DTW,801	
DSM,GJT,802	
DSM,IAH,1447	
DSM,LAX,1031	
DSM,LGA,168	
DSM,LNK,490	
DSM,MEM,311	
DSM,MKE,232	
DSM,MSP,299	
DSM,ORD,988	
DSM,ORF,1149	
DSM,PHX,240	
DSM,RFD,955	
DSM,SLC,424	
DTW,ABE,488	
DTW,ALB,2986	
DTW,ANC,594	
DTW,ATL,297	
DTW,ATW,470	
DTW,AVL,398	
DTW,AVP,113	
DTW,AZO,548	
DTW,BDL,378	
DTW,BGM,750	
DTW,BGR,625	
DTW,BHM,457	
DTW,BNA,632	
DTW,BOS,536	
DTW,BTV,240	
DTW,BUF,408	
DTW,BWI,1401	
DTW,BZN,583	
DTW,CAE,133	
DTW,CAK,505	
DTW,CHA,668	
DTW,CHS,431	
DTW,CID,95	
DTW,CLE,500	
DTW,CLT,155	
DTW,CMH,281	
DTW,CRW,229	
DTW,CVG,363	
DTW,CWA,166	
DTW,DAY,405	
DTW,DCA,1123	
DTW,DEN,987	
DTW,DFW,541	
DTW,DLH,534	
DTW,DSM,331	
DTW,ELM,163	
DTW,ERI,364	
DTW,EVV,487	
DTW,EWR,1127	
DTW,FLL,56	
DTW,FNT,128	
DTW,FWA,288	
DTW,GRB,120	
DTW,GRR,460	
DTW,GSO,508	
DTW,GSP,505	
DTW,HPN,554	
DTW,HSV,383	
DTW,IAD,1076	
DTW,IAH,811	
DTW,ICT,231	
DTW,IND,353	
DTW,ITH,777	
DTW,JAN,814	
DTW,JAX,508	
DTW,JFK,74	
DTW,LAN,1750	
DTW,LAS,1979	
DTW,LAX,296	
DTW,LEX,501	
DTW,LGA,705	
DTW,LIT,701	
DTW,LNK,98	
DTW,MBS,629	
DTW,MCI,957	
DTW,MCO,370	
DTW,MDT,229	
DTW,MDW,610	
DTW,MEM,609	
DTW,MHT,1145	
DTW,MIA,238	
DTW,MKE,373	
DTW,MLI,312	
DTW,MSN,528	
DTW,MSP,926	
DTW,MSY,636	
DTW,MYR,900	
DTW,OKC,651	
DTW,OMA,235	
DTW,ORD,529	
DTW,ORF,1087	
DTW,PBI,1953	
DTW,PDX,453	
DTW,PHL,1671	
DTW,PHX,346	
DTW,PIA,201	
DTW,PIT,243	
DTW,PLN,614	
DTW,PVD,668	
DTW,PWM,501	
DTW,RDU,456	
DTW,RIC,382	
DTW,ROA,296	
DTW,ROC,477	
DTW,RST,1085	
DTW,RSW,1957	
DTW,SAN,1215	
DTW,SAT,706	
DTW,SAV,157	
DTW,SBN,300	
DTW,SCE,306	
DTW,SDF,1927	
DTW,SEA,2079	
DTW,SFO,635	
DTW,SGF,886	
DTW,SHV,1929	
DTW,SJU,1481	
DTW,SLC,1023	
DTW,SRQ,440	
DTW,STL,1968	
DTW,STT,479	
DTW,SWF,374	
DTW,SYR,983	
DTW,TPA,790	
DTW,TUL,207	
DTW,TVC,443	
DTW,TYS,716	
DTW,XNA,1312	
EGE,ATL,1455	
EGE,CLT,1189	
EGE,CVG,121	
EGE,DEN,720	
EGE,DFW,1725	
EGE,EWR,935	
EGE,IAH,1746	
EGE,JFK,748	
EGE,LAX,1739	
EGE,LGA,1811	
EGE,MIA,788	
EGE,MSP,1007	
EGE,ORD,200	
EKO,SLC,133	
EKO,TWF,331	
ELM,DTW,223	
ELP,ABQ,1282	
ELP,ATL,528	
ELP,AUS,562	
ELP,DAL,563	
ELP,DEN,551	
ELP,DFW,677	
ELP,HOU,667	
ELP,IAH,584	
ELP,LAS,714	
ELP,LAX,295	
ELP,LBB,670	
ELP,ONT,1236	
ELP,ORD,347	
ELP,PHX,636	
ELP,SAN,496	
ELP,SAT,693	
ELP,SLC,269	
ELP,TUS,163	
ERI,DTW,109	
ERI,PIT,997	
EUG,DEN,539	
EUG,FAT,699	
EUG,LAS,748	
EUG,LAX,122	
EUG,MFR,106	
EUG,PDX,952	
EUG,PHX,103	
EUG,RDM,451	
EUG,SFO,619	
EUG,SLC,350	
EVV,ATL,170	
EVV,CVG,642	
EVV,DFW,364	
EVV,DTW,247	
EVV,MEM,273	
EVV,ORD,161	
EVV,STL,433	
EWN,ATL,1805	
EWR,ABQ,218	
EWR,ACK,143	
EWR,ALB,745	
EWR,ATL,1504	
EWR,AUS,583	
EWR,AVL,116	
EWR,BDL,393	
EWR,BGR,850	
EWR,BHM,748	
EWR,BNA,200	
EWR,BOS,1585	
EWR,BQN,266	
EWR,BTV,282	
EWR,BUF,169	
EWR,BWI,602	
EWR,CAE,628	
EWR,CHS,404	
EWR,CLE,529	
EWR,CLT,462	
EWR,CMH,569	
EWR,CVG,884	
EWR,DAB,533	
EWR,DAY,199	
EWR,DCA,1605	
EWR,DEN,1372	
EWR,DFW,487	
EWR,DTW,1725	
EWR,EGE,1065	
EWR,FLL,757	
EWR,GRB,605	
EWR,GRR,446	
EWR,GSO,594	
EWR,GSP,1728	
EWR,HDN,4962	
EWR,HNL,213	
EWR,IAD,1400	
EWR,IAH,644	
EWR,IND,1055	
EWR,JAN,821	
EWR,JAX,2227	
EWR,LAS,2454	
EWR,LAX,588	
EWR,LEX,17	
EWR,LGA,1069	
EWR,LIT,1092	
EWR,MCI,938	
EWR,MCO,711	
EWR,MDW,946	
EWR,MEM,209	
EWR,MHT,1086	
EWR,MIA,725	
EWR,MKE,799	
EWR,MSN,1008	
EWR,MSP,1167	
EWR,MSY,1795	
EWR,MTJ,550	
EWR,MYR,1325	
EWR,OKC,1133	
EWR,OMA,719	
EWR,ORD,284	
EWR,ORF,1024	
EWR,PBI,2433	
EWR,PDX,81	
EWR,PHL,2133	
EWR,PHX,319	
EWR,PIT,1627	
EWR,PSE,160	
EWR,PVD,284	
EWR,PWM,416	
EWR,RDU,278	
EWR,RIC,246	
EWR,ROC,1068	
EWR,RSW,2425	
EWR,SAN,1569	
EWR,SAT,708	
EWR,SAV,642	
EWR,SDF,2401	
EWR,SEA,2565	
EWR,SFO,2548	
EWR,SJC,1608	
EWR,SJU,1968	
EWR,SLC,2433	
EWR,SNA,1034	
EWR,SRQ,872	
EWR,STL,1634	
EWR,STT,194	
EWR,SYR,998	
EWR,TPA,1215	
EWR,TUL,2116	
EWR,TUS,631	
EWR,TYS,1130	
EWR,XNA,646	
EYW,ATL,268	
EYW,MCO,261	
FAI,ANC,503	
FAI,BRW,2466	
FAI,MSP,373	
FAI,SCC,1533	
FAI,SEA,2184	
FAI,SLC,627	
FAR,DEN,664	
FAR,LAN,536	
FAR,MCI,223	
FAR,MSP,557	
FAR,ORD,865	
FAR,SLC,652	
FAR,STL,844	
FAT,DEN,1313	
FAT,DFW,258	
FAT,LAS,209	
FAT,LAX,222	
FAT,LGB,119	
FAT,MRY,515	
FAT,OGD,222	
FAT,ONT,493	
FAT,PHX,314	
FAT,SAN,162	
FAT,SBA,158	
FAT,SFO,501	
FAT,SLC,482	
FAT,TWF,331	
FAY,ATL,118	
FAY,CLT,1841	
FCA,ATL,753	
FCA,DEN,348	
FCA,IDA,1026	
FCA,MSP,1352	
FCA,ORD,844	
FCA,SFO,532	
FCA,SLC,119	
FLG,PHX,1204	
FLL,ALB,581	
FLL,ATL,1105	
FLL,AUS,1173	
FLL,BDL,793	
FLL,BNA,1237	
FLL,BOS,1166	
FLL,BUF,925	
FLL,BWI,1026	
FLL,CAK,1062	
FLL,CLE,631	
FLL,CLT,932	
FLL,CVG,899	
FLL,DCA,1703	
FLL,DEN,1119	
FLL,DFW,1127	
FLL,DTW,1065	
FLL,EWR,620	
FLL,GPT,957	
FLL,HOU,1098	
FLL,HPN,901	
FLL,IAD,965	
FLL,IAH,1005	
FLL,IND,1093	
FLL,ISP,318	
FLL,JAX,1069	
FLL,JFK,2174	
FLL,LAS,2342	
FLL,LAX,1076	
FLL,LGA,2327	
FLL,LGB,1242	
FLL,MCI,178	
FLL,MCO,1166	
FLL,MDW,851	
FLL,MEM,1263	
FLL,MHT,21	
FLL,MIA,1243	
FLL,MKE,1487	
FLL,MSP,673	
FLL,MSY,2575	
FLL,OAK,1182	
FLL,ORD,792	
FLL,PHF,992	
FLL,PHL,1972	
FLL,PHX,994	
FLL,PIT,525	
FLL,PNS,1032	
FLL,PSE,1188	
FLL,PVD,680	
FLL,RDU,805	
FLL,RIC,1184	
FLL,ROC,1046	
FLL,SJU,2083	
FLL,SLC,1056	
FLL,STL,1119	
FLL,SWF,1197	
FLL,SYR,393	
FLL,TLH,197	
FLL,TPA,273	
FLO,ATL,644	
FNT,ATL,1003	
FNT,DFW,56	
FNT,DTW,1733	
FNT,LAS,530	
FNT,LGA,1011	
FNT,MCO,211	
FNT,MKE,127	
FNT,MKG,491	
FNT,MSP,223	
FNT,ORD,1138	
FNT,RSW,1036	
FNT,TPA,954	
FSD,ATL,701	
FSD,CVG,483	
FSD,DEN,433	
FSD,GRB,374	
FSD,MSN,197	
FSD,MSP,462	
FSD,ORD,414	
FSD,PIA,685	
FSD,SDF,804	
FSD,SLC,579	
FSM,ATL,228	
FSM,DFW,249	
FSM,MEM,508	
FWA,ATL,859	
FWA,DFW,128	
FWA,DTW,488	
FWA,MSP,157	
FWA,ORD,260	
FWA,TVC,313	
GCC,DEN,261	
GCC,RKS,410	
GCC,SLC,245	
GEG,BLI,287	
GEG,BOI,836	
GEG,DEN,806	
GEG,LAS,945	
GEG,LAX,953	
GEG,LGB,1175	
GEG,MSP,723	
GEG,OAK,936	
GEG,ONT,1498	
GEG,ORD,279	
GEG,PDX,1020	
GEG,PHX,291	
GEG,RDM,572	
GEG,RNO,1027	
GEG,SAN,224	
GEG,SEA,546	
GEG,SLC,649	
GEG,SMF,1125	
GEG,TUS,284	
GFK,MSP,140	
GGG,DFW,89	
GJT,ASE,212	
GJT,DEN,772	
GJT,DFW,117	
GJT,HDN,656	
GJT,LAX,1100	
GJT,ORD,438	
GJT,PHX,217	
GJT,SLC,300	
GNV,ATL,352	
GPT,ATL,500	
GPT,DFW,620	
GPT,FLL,376	
GPT,IAH,324	
GPT,MEM,800	
GPT,ORD,429	
GPT,TPA,774	
GRB,ATL,416	
GRB,CVG,905	
GRB,DEN,346	
GRB,DSM,288	
GRB,DTW,1133	
GRB,GTF,107	
GRB,MKE,134	
GRB,MQT,252	
GRB,MSP,174	
GRB,ORD,453	
GRB,SDF,803	
GRK,ATL,134	
GRK,DFW,166	
GRK,IAH,640	
GRR,ATL,214	
GRR,CLE,268	
GRR,CVG,524	
GRR,DCA,1014	
GRR,DEN,931	
GRR,DFW,120	
GRR,DTW,605	
GRR,EWR,1042	
GRR,IAH,618	
GRR,LGA,1023	
GRR,MCO,591	
GRR,MEM,120	
GRR,MKE,41	
GRR,MKG,408	
GRR,MSP,137	
GRR,ORD,306	
GSO,ATL,645	
GSO,BOS,381	
GSO,CLE,83	
GSO,CLT,330	
GSO,CVG,999	
GSO,DFW,460	
GSO,DTW,446	
GSO,EWR,239	
GSO,IAD,986	
GSO,IAH,399	
GSO,JAX,461	
GSO,LGA,534	
GSO,MCO,570	
GSO,MEM,710	
GSO,MIA,924	
GSO,MSP,590	
GSO,ORD,216	
GSO,ORF,67	
GSO,RDU,153	
GSP,ATL,450	
GSP,CLE,75	
GSP,CLT,317	
GSP,CVG,862	
GSP,DFW,508	
GSP,DTW,594	
GSP,EWR,383	
GSP,IAD,838	
GSP,IAH,610	
GSP,LGA,449	
GSP,MCO,441	
GSP,MEM,577	
GSP,ORD,41	
GST,JNU,118	
GTF,BZN,624	
GTF,DEN,887	
GTF,MSP,1210	
GTF,ORD,463	
GTF,SLC,241	
GTR,ATL,1301	
GUC,ATL,152	
GUC,DEN,678	
GUC,DFW,1031	
GUC,ORD,310	
GUC,SLC,1340	
HDN,ATL,142	
HDN,DEN,769	
HDN,DFW,1728	
HDN,EWR,986	
HDN,IAH,1749	
HDN,JFK,1742	
HDN,LGA,774	
HDN,MSP,1009	
HDN,ORD,251	
HDN,SLC,239	
HHH,ATL,594	
HLN,DEN,913	
HLN,MSP,402	
HLN,SLC,2777	
HNL,ANC,4502	
HNL,ATL,3365	
HNL,DEN,3784	
HNL,DFW,4962	
HNL,EWR,3904	
HNL,IAH,216	
HNL,ITO,163	
HNL,KOA,2762	
HNL,LAS,2556	
HNL,LAX,102	
HNL,LIH,3972	
HNL,MSP,2409	
HNL,OAK,100	
HNL,OGG,4243	
HNL,ORD,2603	
HNL,PDX,2917	
HNL,PHX,2614	
HNL,SAN,2677	
HNL,SEA,2398	
HNL,SFO,2416	
HNL,SJC,2994	
HNL,SLC,2462	
HNL,SMF,2583	
HNL,SNA,759	
HOU,ABQ,696	
HOU,ATL,148	
HOU,AUS,570	
HOU,BHM,670	
HOU,BNA,255	
HOU,BTR,1246	
HOU,BWI,187	
HOU,CRP,239	
HOU,DAL,883	
HOU,DEN,247	
HOU,DFW,677	
HOU,ELP,957	
HOU,FLL,276	
HOU,HRL,359	
HOU,JAN,816	
HOU,JAX,1428	
HOU,JFK,1235	
HOU,LAS,1390	
HOU,LAX,393	
HOU,LIT,441	
HOU,MAF,848	
HOU,MCO,937	
HOU,MDW,303	
HOU,MSY,1642	
HOU,OAK,419	
HOU,OKC,1335	
HOU,PHL,1020	
HOU,PHX,1312	
HOU,SAN,192	
HOU,SAT,687	
HOU,STL,781	
HOU,TPA,453	
HOU,TUL,780	
HPN,ATL,597	
HPN,CVG,505	
HPN,DTW,35	
HPN,EWR,1098	
HPN,FLL,30	
HPN,JFK,972	
HPN,MCO,738	
HPN,ORD,1057	
HPN,PBI,836	
HPN,PIA,345	
HPN,PIT,1102	
HPN,RSW,1032	
HPN,TPA,273	
HRL,AUS,458	
HRL,DAL,276	
HRL,HOU,295	
HRL,IAH,233	
HRL,SAT,151	
HSV,ATL,74	
HSV,BHM,333	
HSV,CLT,325	
HSV,CVG,613	
HSV,DCA,1048	
HSV,DEN,603	
HSV,DFW,554	
HSV,DTW,595	
HSV,IAD,595	
HSV,IAH,823	
HSV,LGA,535	
HSV,MCO,184	
HSV,MEM,510	
HSV,ORD,1405	
HSV,TUS,123	
HTS,CVG,1628	
IAD,ABQ,533	
IAD,ATL,1297	
IAD,AUS,326	
IAD,BDL,638	
IAD,BHM,542	
IAD,BNA,413	
IAD,BOS,442	
IAD,BTV,284	
IAD,BUF,2279	
IAD,BUR,401	
IAD,CAE,441	
IAD,CHS,288	
IAD,CLE,321	
IAD,CLT,388	
IAD,CVG,368	
IAD,DAY,24	
IAD,DCA,1452	
IAD,DEN,1172	
IAD,DFW,383	
IAD,DTW,213	
IAD,EWR,901	
IAD,FLL,239	
IAD,GSO,383	
IAD,GSP,595	
IAD,HSV,1190	
IAD,IAH,631	
IAD,JAX,228	
IAD,JFK,2066	
IAD,LAS,2288	
IAD,LAX,229	
IAD,LGA,2277	
IAD,LGB,926	
IAD,MCI,758	
IAD,MCO,94	
IAD,MDT,577	
IAD,MDW,418	
IAD,MHT,921	
IAD,MIA,908	
IAD,MSP,954	
IAD,MSY,372	
IAD,MYR,2408	
IAD,OAK,1136	
IAD,OKC,589	
IAD,ORD,157	
IAD,ORF,859	
IAD,PBI,2327	
IAD,PDX,134	
IAD,PHL,1956	
IAD,PHX,183	
IAD,PIT,372	
IAD,PVD,494	
IAD,PWM,224	
IAD,RDU,177	
IAD,ROA,289	
IAD,ROC,890	
IAD,RSW,2253	
IAD,SAN,1362	
IAD,SAT,515	
IAD,SAV,2306	
IAD,SEA,2419	
IAD,SFO,2400	
IAD,SJC,1571	
IAD,SJU,1827	
IAD,SLC,2358	
IAD,SMF,657	
IAD,SPI,1605	
IAD,STT,296	
IAD,SYR,810	
IAD,TPA,1933	
IAD,TUS,419	
IAD,TYS,744	
IAH,ABQ,190	
IAH,AEX,821	
IAH,AGS,519	
IAH,AMA,3266	
IAH,ANC,689	
IAH,ATL,140	
IAH,AUS,834	
IAH,AVL,1507	
IAH,BDL,562	
IAH,BHM,657	
IAH,BNA,1597	
IAH,BOS,79	
IAH,BPT,308	
IAH,BRO,253	
IAH,BTR,1235	
IAH,BWI,878	
IAH,CAE,686	
IAH,CHA,925	
IAH,CHS,1091	
IAH,CLE,74	
IAH,CLL,913	
IAH,CLT,986	
IAH,CMH,809	
IAH,COS,201	
IAH,CRP,975	
IAH,CRW,871	
IAH,CVG,217	
IAH,DAL,929	
IAH,DAY,1208	
IAH,DCA,861	
IAH,DEN,224	
IAH,DFW,802	
IAH,DSM,1076	
IAH,DTW,935	
IAH,EGE,667	
IAH,ELP,1400	
IAH,EWR,965	
IAH,FLL,376	
IAH,GPT,166	
IAH,GRK,1042	
IAH,GRR,986	
IAH,GSO,838	
IAH,GSP,986	
IAH,HDN,3904	
IAH,HNL,24	
IAH,HOU,295	
IAH,HRL,595	
IAH,HSV,1190	
IAH,IAD,542	
IAH,ICT,845	
IAH,IND,351	
IAH,JAN,817	
IAH,JAX,1417	
IAH,JFK,1222	
IAH,LAS,1379	
IAH,LAX,458	
IAH,LBB,127	
IAH,LCH,828	
IAH,LEX,201	
IAH,LFT,1416	
IAH,LGA,374	
IAH,LIT,301	
IAH,LRD,429	
IAH,MAF,643	
IAH,MCI,853	
IAH,MCO,469	
IAH,MEM,316	
IAH,MFE,554	
IAH,MGM,964	
IAH,MIA,984	
IAH,MKE,262	
IAH,MLU,427	
IAH,MOB,1034	
IAH,MSP,305	
IAH,MSY,926	
IAH,MTJ,1628	
IAH,OAK,395	
IAH,OKC,781	
IAH,OMA,1334	
IAH,ONT,925	
IAH,ORD,1201	
IAH,ORF,956	
IAH,PBI,1825	
IAH,PDX,1324	
IAH,PHL,1009	
IAH,PHX,1117	
IAH,PIT,489	
IAH,PNS,1269	
IAH,PSP,1043	
IAH,RDU,1157	
IAH,RIC,1530	
IAH,RNO,861	
IAH,RSW,1303	
IAH,SAN,191	
IAH,SAT,851	
IAH,SAV,788	
IAH,SDF,1874	
IAH,SEA,1635	
IAH,SFO,192	
IAH,SHV,1608	
IAH,SJC,2007	
IAH,SJU,1195	
IAH,SLC,1609	
IAH,SMF,1347	
IAH,SNA,796	
IAH,SRQ,668	
IAH,STL,658	
IAH,TLH,787	
IAH,TPA,429	
IAH,TUL,936	
IAH,TUS,772	
IAH,TYS,510	
IAH,VPS,438	
IAH,XNA,781	
ICT,ATL,422	
ICT,CID,404	
ICT,COS,419	
ICT,DEN,328	
ICT,DFW,811	
ICT,DTW,542	
ICT,IAH,1203	
ICT,LAX,186	
ICT,MCI,453	
ICT,MEM,545	
ICT,MSP,670	
ICT,MSY,156	
ICT,OKC,588	
ICT,ORD,870	
ICT,PHX,465	
ICT,PIA,224	
ICT,SGF,808	
ICT,SLC,392	
ICT,STL,458	
IDA,DEN,939	
IDA,MSP,188	
IDA,SLC,377	
ILM,ATL,185	
ILM,CLT,500	
ILM,CVG,122	
ILM,RDU,432	
IND,ATL,920	
IND,AUS,728	
IND,BDL,817	
IND,BOS,515	
IND,BWI,261	
IND,CLE,428	
IND,CLT,98	
IND,CVG,499	
IND,DCA,977	
IND,DEN,762	
IND,DFW,231	
IND,DTW,644	
IND,EWR,1005	
IND,FLL,845	
IND,IAH,688	
IND,JAX,664	
IND,JFK,1591	
IND,LAS,1814	
IND,LAX,659	
IND,LGA,451	
IND,MCI,828	
IND,MCO,162	
IND,MDW,381	
IND,MEM,1021	
IND,MIA,238	
IND,MKE,503	
IND,MSP,708	
IND,MSY,177	
IND,ORD,587	
IND,PHL,1489	
IND,PHX,325	
IND,PIT,489	
IND,RDU,946	
IND,RSW,986	
IND,SAT,1866	
IND,SEA,1944	
IND,SFO,876	
IND,SRQ,838	
IND,TPA,498	
IND,XNA,254	
INL,MSP,181	
IPL,LAX,58	
IPL,YUM,795	
ISP,ATL,220	
ISP,BWI,1093	
ISP,FLL,2283	
ISP,LAS,972	
ISP,MCO,765	
ISP,MDW,1052	
ISP,PBI,1101	
ISP,RSW,1034	
ISP,TPA,353	
ITH,DTW,216	
ITO,HNL,64	
ITO,KOA,121	
ITO,OGG,71	
IYK,BFL,123	
IYK,LAX,147	
IYK,PSP,1572	
JAC,ATL,1386	
JAC,CVG,406	
JAC,DEN,1046	
JAC,DFW,67	
JAC,IDA,784	
JAC,LAX,872	
JAC,MSP,1162	
JAC,ORD,205	
JAC,SLC,341	
JAN,ATL,888	
JAN,BWI,555	
JAN,CVG,860	
JAN,DCA,408	
JAN,DFW,777	
JAN,DTW,1055	
JAN,EWR,359	
JAN,HOU,351	
JAN,IAH,587	
JAN,MCO,666	
JAN,MDW,189	
JAN,MEM,677	
JAN,ORD,270	
JAX,ATL,954	
JAX,AUS,365	
JAX,BHM,484	
JAX,BNA,1011	
JAX,BOS,663	
JAX,BWI,753	
JAX,CLE,329	
JAX,CLT,614	
JAX,CVG,634	
JAX,DCA,1447	
JAX,DEN,919	
JAX,DFW,814	
JAX,DTW,821	
JAX,EWR,318	
JAX,FLL,816	
JAX,HOU,631	
JAX,IAD,817	
JAX,IAH,688	
JAX,IND,829	
JAX,JFK,1965	
JAX,LAS,2153	
JAX,LAX,834	
JAX,LGA,956	
JAX,MCI,576	
JAX,MEM,334	
JAX,MIA,1174	
JAX,MSP,513	
JAX,MSY,865	
JAX,ORD,543	
JAX,ORF,742	
JAX,PHL,1395	
JAX,PIR,408	
JAX,RDU,180	
JAX,TPA,391	
JAX,TYS,199	
JFK,ACK,145	
JFK,ALB,760	
JFK,ATL,1522	
JFK,AUS,106	
JFK,BDL,382	
JFK,BGR,766	
JFK,BNA,187	
JFK,BOS,1576	
JFK,BQN,267	
JFK,BTV,301	
JFK,BUF,2465	
JFK,BUR,184	
JFK,BWI,636	
JFK,CHS,425	
JFK,CLE,541	
JFK,CLT,483	
JFK,CMH,589	
JFK,CVG,213	
JFK,DCA,1626	
JFK,DEN,1391	
JFK,DFW,508	
JFK,DTW,1746	
JFK,EGE,1069	
JFK,FLL,1749	
JFK,HDN,1428	
JFK,HOU,30	
JFK,HPN,228	
JFK,IAD,1417	
JFK,IAH,664	
JFK,IND,829	
JFK,JAX,2248	
JFK,LAS,2475	
JFK,LAX,11	
JFK,LGA,2465	
JFK,LGB,944	
JFK,MCO,1090	
JFK,MIA,1028	
JFK,MSP,1182	
JFK,MSY,2576	
JFK,OAK,2430	
JFK,ONT,740	
JFK,ORD,289	
JFK,ORF,1028	
JFK,PBI,2454	
JFK,PDX,94	
JFK,PHL,2153	
JFK,PHX,340	
JFK,PIT,1617	
JFK,PSE,144	
JFK,PVD,274	
JFK,PWM,426	
JFK,RDU,288	
JFK,RIC,264	
JFK,ROC,1074	
JFK,RSW,2446	
JFK,SAN,2421	
JFK,SEA,2586	
JFK,SFO,2569	
JFK,SJC,1597	
JFK,SJU,1989	
JFK,SLC,2521	
JFK,SMF,1041	
JFK,SRQ,892	
JFK,STL,1623	
JFK,STT,209	
JFK,SYR,1005	
JFK,TPA,2136	
JFK,TUS,571	
JNU,ANC,41	
JNU,GST,234	
JNU,KTN,123	
JNU,PSG,909	
JNU,SEA,95	
JNU,SIT,199	
JNU,YAK,3329	
KOA,DEN,163	
KOA,HNL,2504	
KOA,LAX,263	
KOA,LIH,2378	
KOA,OAK,84	
KOA,OGG,4213	
KOA,ORD,2860	
KOA,PHX,2556	
KOA,SAN,2688	
KOA,SEA,2367	
KOA,SFO,2530	
KOA,SNA,234	
KTN,JNU,680	
KTN,SEA,183	
KTN,SIT,82	
KTN,WRG,258	
LAN,CVG,74	
LAN,DTW,455	
LAN,MSP,179	
LAN,ORD,487	
LAS,ABQ,2237	
LAS,ALB,758	
LAS,AMA,2304	
LAS,ANC,1747	
LAS,ATL,1090	
LAS,AUS,2298	
LAS,BDL,224	
LAS,BFL,1618	
LAS,BHM,1452	
LAS,BMI,1588	
LAS,BNA,520	
LAS,BOI,2381	
LAS,BOS,1987	
LAS,BUF,223	
LAS,BUR,2106	
LAS,BWI,1846	
LAS,CAK,1825	
LAS,CLE,1916	
LAS,CLT,1772	
LAS,CMH,604	
LAS,COS,1678	
LAS,CVG,1701	
LAS,DAY,2089	
LAS,DCA,629	
LAS,DEN,1055	
LAS,DFW,1750	
LAS,DTW,584	
LAS,ELP,699	
LAS,EUG,2227	
LAS,EWR,258	
LAS,FAT,2174	
LAS,FLL,1733	
LAS,FNT,806	
LAS,GEG,2762	
LAS,HNL,1235	
LAS,HOU,2066	
LAS,IAD,1222	
LAS,IAH,1591	
LAS,IND,2283	
LAS,ISP,1965	
LAS,JAX,2248	
LAS,JFK,236	
LAS,LAX,775	
LAS,LBB,231	
LAS,LGB,1295	
LAS,LIT,796	
LAS,MAF,1140	
LAS,MCI,2039	
LAS,MCO,1521	
LAS,MDW,1416	
LAS,MEM,599	
LAS,MFR,2356	
LAS,MHT,2175	
LAS,MIA,1524	
LAS,MKE,1377	
LAS,MLI,375	
LAS,MRY,1300	
LAS,MSP,1501	
LAS,MSY,407	
LAS,OAK,987	
LAS,OKC,1099	
LAS,OMA,197	
LAS,ONT,1515	
LAS,ORD,2155	
LAS,ORF,2158	
LAS,PBI,762	
LAS,PDX,2176	
LAS,PHL,256	
LAS,PHX,1910	
LAS,PIT,173	
LAS,PSP,2363	
LAS,PVD,2027	
LAS,RDU,345	
LAS,RNO,2041	
LAS,ROC,258	
LAS,SAN,1069	
LAS,SAT,288	
LAS,SBA,314	
LAS,SBP,1624	
LAS,SDF,866	
LAS,SEA,414	
LAS,SFO,386	
LAS,SJC,368	
LAS,SLC,397	
LAS,SMF,226	
LAS,SNA,1372	
LAS,STL,1984	
LAS,TPA,1076	
LAS,TUL,365	
LAS,TUS,238	
LAS,YUM,804	
LAW,ATL,140	
LAW,DFW,677	
LAX,ABQ,2345	
LAX,ANC,737	
LAX,ASE,1946	
LAX,ATL,1242	
LAX,AUS,2527	
LAX,BDL,109	
LAX,BFL,1797	
LAX,BNA,674	
LAX,BOI,2611	
LAX,BOS,2329	
LAX,BWI,902	
LAX,BZN,86	
LAX,CLD,2053	
LAX,CLE,2125	
LAX,CLT,1996	
LAX,CMH,833	
LAX,COS,1900	
LAX,CVG,2311	
LAX,DCA,862	
LAX,DEN,1235	
LAX,DFW,1447	
LAX,DSM,1979	
LAX,DTW,748	
LAX,EGE,714	
LAX,ELP,748	
LAX,EUG,2454	
LAX,EWR,209	
LAX,FAT,2342	
LAX,FLL,945	
LAX,GEG,656	
LAX,GJT,2556	
LAX,HNL,1390	
LAX,HOU,2288	
LAX,IAD,1379	
LAX,IAH,1203	
LAX,ICT,1814	
LAX,IND,181	
LAX,IPL,123	
LAX,IYK,784	
LAX,JAC,2153	
LAX,JAX,2475	
LAX,JFK,2504	
LAX,KOA,236	
LAX,LAS,2615	
LAX,LIH,1363	
LAX,MCI,2217	
LAX,MCO,1750	
LAX,MDW,1619	
LAX,MEM,630	
LAX,MFR,2342	
LAX,MIA,1756	
LAX,MKE,292	
LAX,MOD,267	
LAX,MRY,1536	
LAX,MSP,1671	
LAX,MSY,666	
LAX,MTJ,337	
LAX,OAK,2486	
LAX,OGG,1187	
LAX,OKC,47	
LAX,ONT,1745	
LAX,ORD,49	
LAX,OXR,834	
LAX,PDX,2401	
LAX,PHL,370	
LAX,PHX,2136	
LAX,PIT,110	
LAX,PSP,2239	
LAX,RDU,390	
LAX,RNO,2238	
LAX,RSW,109	
LAX,SAN,1210	
LAX,SAT,89	
LAX,SBA,155	
LAX,SBP,954	
LAX,SEA,337	
LAX,SFO,348	
LAX,SGU,308	
LAX,SJC,3386	
LAX,SJU,590	
LAX,SLC,373	
LAX,SMF,135	
LAX,SMX,36	
LAX,SNA,1593	
LAX,STL,2158	
LAX,TPA,1283	
LAX,TUL,451	
LAX,TUS,1371	
LAX,XNA,237	
LAX,YUM,289	
LBB,ABQ,341	
LBB,AUS,293	
LBB,DAL,282	
LBB,DFW,295	
LBB,ELP,458	
LBB,IAH,775	
LBB,LAS,127	
LCH,IAH,303	
LEX,ATL,275	
LEX,CLE,1090	
LEX,COS,70	
LEX,CVG,130	
LEX,DAY,414	
LEX,DCA,785	
LEX,DFW,296	
LEX,DTW,588	
LEX,EWR,828	
LEX,IAH,604	
LEX,LGA,689	
LEX,MCO,363	
LEX,MEM,323	
LEX,ORD,503	
LFT,ATL,351	
LFT,DFW,201	
LFT,IAH,678	
LGA,AGS,761	
LGA,ATL,866	
LGA,BHM,764	
LGA,BNA,185	
LGA,BOS,617	
LGA,CAE,396	
LGA,CAK,641	
LGA,CHS,929	
LGA,CID,418	
LGA,CLE,544	
LGA,CLT,478	
LGA,CMH,585	
LGA,CVG,896	
LGA,DAB,214	
LGA,DCA,1619	
LGA,DEN,1389	
LGA,DFW,1031	
LGA,DSM,501	
LGA,DTW,1739	
LGA,EGE,1076	
LGA,FLL,530	
LGA,FNT,618	
LGA,GRR,461	
LGA,GSO,610	
LGA,GSP,1742	
LGA,HDN,823	
LGA,HSV,229	
LGA,IAD,1416	
LGA,IAH,659	
LGA,IND,834	
LGA,JAX,604	
LGA,LEX,950	
LGA,MCO,963	
LGA,MEM,1097	
LGA,MIA,738	
LGA,MKE,955	
LGA,MLB,812	
LGA,MSN,1020	
LGA,MSP,1183	
LGA,MSY,563	
LGA,MYR,733	
LGA,ORD,1035	
LGA,PBI,288	
LGA,PHF,96	
LGA,PHL,335	
LGA,PIT,431	
LGA,RDU,292	
LGA,RIC,1080	
LGA,RSW,722	
LGA,SAV,658	
LGA,SDF,1982	
LGA,SLC,1047	
LGA,SRQ,887	
LGA,STL,1634	
LGA,STT,1011	
LGA,TPA,655	
LGA,TVC,647	
LGA,TYS,1019	
LGA,VPS,1147	
LGA,XNA,1226	
LGB,AUS,2602	
LGB,BOS,222	
LGB,FAT,2327	
LGB,FLL,953	
LGB,GEG,2277	
LGB,IAD,2465	
LGB,JFK,231	
LGB,LAS,283	
LGB,MRY,353	
LGB,OAK,35	
LGB,ONT,1735	
LGB,ORD,846	
LGB,PDX,355	
LGB,PHX,402	
LGB,RNO,965	
LGB,SEA,354	
LGB,SFO,324	
LGB,SJC,589	
LGB,SLC,387	
LGB,SMF,630	
LGB,TWF,3414	
LIH,DEN,102	
LIH,HNL,263	
LIH,KOA,2615	
LIH,LAX,202	
LIH,OGG,2979	
LIH,PHX,2677	
LIH,SAN,2701	
LIH,SEA,2447	
LIH,SFO,2644	
LIH,SNA,453	
LIT,ATL,912	
LIT,BWI,641	
LIT,CLT,513	
LIT,CVG,296	
LIT,DAL,770	
LIT,DEN,304	
LIT,DFW,705	
LIT,DTW,1069	
LIT,EWR,393	
LIT,HOU,374	
LIT,IAH,1295	
LIT,LAS,775	
LIT,MCO,544	
LIT,MDW,129	
LIT,MEM,703	
LIT,MSP,552	
LIT,ORD,1136	
LIT,PHX,512	
LIT,SAT,1156	
LIT,SLC,296	
LIT,STL,60	
LMT,MFR,240	
LMT,PDX,315	
LMT,SFO,1116	
LNK,ABE,826	
LNK,CRW,423	
LNK,DEN,701	
LNK,DTW,642	
LNK,LAN,331	
LNK,MSP,466	
LNK,ORD,371	
LNK,PIA,394	
LRD,DFW,301	
LRD,IAH,120	
LSE,MSP,215	
LSE,ORD,369	
LWB,ATL,198	
LWS,BOI,313	
LWS,IDA,461	
LWS,SLC,389	
LYH,ATL,332	
MAF,ABQ,294	
MAF,AUS,319	
MAF,DAL,309	
MAF,DFW,441	
MAF,HOU,429	
MAF,IAH,796	
MAF,LAS,98	
MBS,DTW,463	
MBS,MSP,222	
MBS,ORD,718	
MCI,ABQ,692	
MCI,ATL,650	
MCI,AUS,491	
MCI,BNA,967	
MCI,BWI,694	
MCI,CLE,809	
MCI,CLT,633	
MCI,CMH,538	
MCI,COS,539	
MCI,CVG,461	
MCI,DAL,533	
MCI,DEN,460	
MCI,DFW,629	
MCI,DTW,1092	
MCI,EWR,1242	
MCI,FLL,926	
MCI,IAD,643	
MCI,IAH,186	
MCI,ICT,451	
MCI,IND,956	
MCI,JAX,1140	
MCI,LAS,1363	
MCI,LAX,152	
MCI,LNK,1072	
MCI,MCO,405	
MCI,MDW,392	
MCI,MEM,671	
MCI,MGM,1252	
MCI,MIA,436	
MCI,MKE,386	
MCI,MSN,393	
MCI,MSP,690	
MCI,MSY,1489	
MCI,OAK,313	
MCI,OKC,152	
MCI,OMA,1318	
MCI,ONT,403	
MCI,ORD,1481	
MCI,PDX,1044	
MCI,PHX,773	
MCI,PIT,904	
MCI,RDU,1155	
MCI,RSW,1333	
MCI,SAN,706	
MCI,SAT,1489	
MCI,SEA,919	
MCI,SLC,1442	
MCI,SMF,237	
MCI,STL,1048	
MCI,TPA,223	
MCI,TUL,1036	
MCI,TUS,79	
MCN,ATL,1552	
MCO,ABQ,1073	
MCO,ALB,403	
MCO,ATL,993	
MCO,AUS,488	
MCO,AVL,1050	
MCO,BDL,478	
MCO,BHM,936	
MCO,BMI,616	
MCO,BNA,1121	
MCO,BOS,1129	
MCO,BQN,1195	
MCO,BTV,1011	
MCO,BUF,787	
MCO,BWI,860	
MCO,CAK,895	
MCO,CLE,468	
MCO,CLT,802	
MCO,CMH,756	
MCO,CVG,808	
MCO,DAY,759	
MCO,DCA,1545	
MCO,DEN,984	
MCO,DFW,957	
MCO,DTW,938	
MCO,EWR,268	
MCO,EYW,178	
MCO,FLL,1011	
MCO,FNT,1023	
MCO,GRR,534	
MCO,GSO,449	
MCO,GSP,848	
MCO,HOU,972	
MCO,HPN,535	
MCO,HSV,758	
MCO,IAD,853	
MCO,IAH,828	
MCO,IND,972	
MCO,ISP,587	
MCO,JAN,143	
MCO,JAX,944	
MCO,JFK,2039	
MCO,LAS,2217	
MCO,LAX,689	
MCO,LEX,950	
MCO,LGA,775	
MCO,LIT,1072	
MCO,MCI,851	
MCO,MDT,989	
MCO,MDW,683	
MCO,MEM,1142	
MCO,MHT,193	
MCO,MIA,1066	
MCO,MKE,1036	
MCO,MLI,1310	
MCO,MSP,550	
MCO,MSY,1068	
MCO,OKC,1210	
MCO,OMA,1005	
MCO,ORD,655	
MCO,ORF,142	
MCO,PBI,2534	
MCO,PDX,290	
MCO,PFN,662	
MCO,PHF,861	
MCO,PHL,1848	
MCO,PHX,834	
MCO,PIT,380	
MCO,PNS,1180	
MCO,PSE,1073	
MCO,PVD,1214	
MCO,PWM,534	
MCO,RDU,667	
MCO,RIC,1033	
MCO,ROC,133	
MCO,RSW,2148	
MCO,SAN,1040	
MCO,SAT,718	
MCO,SDF,2553	
MCO,SEA,2445	
MCO,SFO,1189	
MCO,SJU,1929	
MCO,SLC,880	
MCO,STL,989	
MCO,SWF,1053	
MCO,SYR,227	
MCO,TLH,80	
MCO,TPA,1005	
MCO,TUL,532	
MCO,TYS,619	
MDT,ATL,96	
MDT,AVP,70	
MDT,BWI,280	
MDT,CLE,413	
MDT,CLT,429	
MDT,CVG,94	
MDT,DCA,1232	
MDT,DFW,370	
MDT,DTW,94	
MDT,IAD,157	
MDT,LGA,851	
MDT,MCO,898	
MDT,MSP,594	
MDT,ORD,1121	
MDW,ABQ,717	
MDW,ALB,590	
MDW,ATL,972	
MDW,AUS,777	
MDW,BDL,570	
MDW,BHM,395	
MDW,BNA,861	
MDW,BOS,468	
MDW,BUF,611	
MDW,BWI,307	
MDW,CLE,584	
MDW,CLT,284	
MDW,CMH,895	
MDW,DEN,229	
MDW,DTW,711	
MDW,EWR,1166	
MDW,FLL,937	
MDW,HOU,577	
MDW,IAD,162	
MDW,IND,765	
MDW,ISP,666	
MDW,JAN,1521	
MDW,LAS,1750	
MDW,LAX,544	
MDW,LIT,405	
MDW,MCI,989	
MDW,MCO,838	
MDW,MHT,1182	
MDW,MIA,349	
MDW,MSP,825	
MDW,MSY,1844	
MDW,OAK,423	
MDW,OMA,704	
MDW,ORF,1751	
MDW,PDX,668	
MDW,PHL,1444	
MDW,PHX,402	
MDW,PIT,842	
MDW,PVD,632	
MDW,RDU,1680	
MDW,RNO,1105	
MDW,RSW,1728	
MDW,SAN,1036	
MDW,SAT,271	
MDW,SDF,1733	
MDW,SEA,1855	
MDW,SFO,1838	
MDW,SJC,1258	
MDW,SLC,1790	
MDW,SMF,1035	
MDW,SRQ,251	
MDW,STL,997	
MDW,TPA,1440	
MDW,TUS,267	
MEI,ATL,332	
MEM,ATL,559	
MEM,AUS,1048	
MEM,BDL,211	
MEM,BHM,200	
MEM,BNA,1139	
MEM,BOS,319	
MEM,BTR,787	
MEM,BWI,511	
MEM,CAE,271	
MEM,CHA,589	
MEM,CHS,622	
MEM,CLE,512	
MEM,CLT,518	
MEM,CMH,855	
MEM,COS,403	
MEM,CVG,762	
MEM,DCA,872	
MEM,DEN,432	
MEM,DFW,490	
MEM,DSM,610	
MEM,DTW,247	
MEM,EVV,946	
MEM,EWR,851	
MEM,FLL,249	
MEM,FSM,324	
MEM,GPT,591	
MEM,GRR,570	
MEM,GSO,441	
MEM,GSP,184	
MEM,HSV,469	
MEM,IAH,453	
MEM,ICT,381	
MEM,IND,189	
MEM,JAN,576	
MEM,JAX,1416	
MEM,LAS,1619	
MEM,LAX,363	
MEM,LEX,963	
MEM,LGA,129	
MEM,LIT,392	
MEM,MCI,683	
MEM,MCO,280	
MEM,MGM,860	
MEM,MIA,556	
MEM,MKE,442	
MEM,MLI,317	
MEM,MOB,559	
MEM,MSN,700	
MEM,MSP,349	
MEM,MSY,432	
MEM,OKC,538	
MEM,OMA,491	
MEM,ORD,782	
MEM,ORF,417	
MEM,PFN,874	
MEM,PHL,1263	
MEM,PHX,652	
MEM,PIT,355	
MEM,PNS,634	
MEM,RDU,726	
MEM,RIC,763	
MEM,RSW,1567	
MEM,SAN,625	
MEM,SAT,545	
MEM,SAV,320	
MEM,SDF,1870	
MEM,SEA,1807	
MEM,SFO,243	
MEM,SGF,285	
MEM,SHV,1863	
MEM,SJU,256	
MEM,STL,458	
MEM,TLH,656	
MEM,TPA,437	
MEM,TRI,342	
MEM,TUL,342	
MEM,TYS,369	
MEM,VPS,258	
MEM,XNA,974	
MFE,ATL,468	
MFE,DFW,316	
MFE,IAH,964	
MFR,DEN,599	
MFR,LAS,343	
MFR,MOD,100	
MFR,OTH,222	
MFR,PDX,854	
MFR,PHX,132	
MFR,RDD,156	
MFR,RDM,572	
MFR,SBA,329	
MFR,SFO,575	
MFR,SLC,429	
MFR,TWF,147	
MGM,ATL,554	
MGM,IAH,280	
MGM,MEM,952	
MHT,ATL,45	
MHT,BOS,377	
MHT,BWI,544	
MHT,CLE,737	
MHT,CLT,741	
MHT,CVG,407	
MHT,DCA,609	
MHT,DTW,209	
MHT,EWR,1263	
MHT,FLL,418	
MHT,IAD,2356	
MHT,LAS,1142	
MHT,MCO,838	
MHT,MDW,843	
MHT,ORD,290	
MHT,PHL,2279	
MHT,PHX,1204	
MHT,TPA,595	
MIA,ATL,1194	
MIA,BDL,806	
MIA,BNA,1258	
MIA,BOS,946	
MIA,BWI,1080	
MIA,CLE,650	
MIA,CLT,990	
MIA,CMH,948	
MIA,CVG,920	
MIA,DCA,1709	
MIA,DEN,1121	
MIA,DFW,1145	
MIA,DTW,1811	
MIA,EGE,1086	
MIA,EWR,21	
MIA,FLL,710	
MIA,GSO,921	
MIA,IAD,964	
MIA,IAH,1021	
MIA,IND,334	
MIA,JAX,1090	
MIA,JFK,2175	
MIA,LAS,2342	
MIA,LAX,1097	
MIA,LGA,1252	
MIA,MCI,193	
MIA,MCO,1182	
MIA,MDW,860	
MIA,MEM,1501	
MIA,MSP,674	
MIA,MSY,1197	
MIA,ORD,802	
MIA,ORF,1013	
MIA,PHL,1972	
MIA,PHX,1013	
MIA,PIT,700	
MIA,RDU,826	
MIA,RIC,911	
MIA,SDF,2724	
MIA,SEA,2585	
MIA,SFO,1045	
MIA,SJU,1068	
MIA,STL,1107	
MIA,STT,1139	
MIA,STX,403	
MIA,TLH,204	
MIA,TPA,1100	
MIA,XNA,662	
MKE,ABE,669	
MKE,ATL,96	
MKE,ATW,634	
MKE,AVP,780	
MKE,BDL,650	
MKE,BHM,475	
MKE,BNA,860	
MKE,BOS,641	
MKE,BWI,328	
MKE,CLE,651	
MKE,CLT,331	
MKE,CMH,318	
MKE,CVG,154	
MKE,CWA,284	
MKE,DAY,634	
MKE,DCA,895	
MKE,DEN,853	
MKE,DFW,311	
MKE,DSM,238	
MKE,DTW,725	
MKE,EWR,516	
MKE,FAR,1243	
MKE,FLL,211	
MKE,FNT,107	
MKE,GRB,120	
MKE,GRR,984	
MKE,IAH,238	
MKE,IND,1524	
MKE,LAS,1756	
MKE,LAX,738	
MKE,LGA,436	
MKE,MCI,1066	
MKE,MCO,556	
MKE,MEM,85	
MKE,MKG,236	
MKE,MQT,74	
MKE,MSN,297	
MKE,MSP,426	
MKE,OMA,67	
MKE,ORD,690	
MKE,PHL,1460	
MKE,PHX,431	
MKE,PIT,689	
MKE,RDU,1183	
MKE,RSW,1738	
MKE,SAN,348	
MKE,SDF,1694	
MKE,SEA,1845	
MKE,SFO,1246	
MKE,SLC,317	
MKE,STL,1075	
MKE,TPA,1462	
MKE,TUS,127	
MKG,FNT,41	
MKG,GRR,85	
MKG,MKE,443	
MLB,ATL,955	
MLB,LGA,633	
MLI,ATL,751	
MLI,DEN,691	
MLI,DFW,373	
MLI,DTW,1377	
MLI,LAS,1036	
MLI,MCO,442	
MLI,MEM,274	
MLI,MSP,139	
MLI,ORD,448	
MLU,ATL,293	
MLU,DFW,262	
MLU,IAH,302	
MOB,ATL,540	
MOB,DFW,427	
MOB,IAH,317	
MOB,MEM,779	
MOB,ORD,184	
MOD,BFL,292	
MOD,LAX,310	
MOD,ONT,144	
MOD,RNO,78	
MOD,SFO,449	
MOT,MSP,134	
MQT,GRB,236	
MQT,MKE,303	
MQT,ORD,960	
MRY,DEN,375	
MRY,LAS,267	
MRY,LAX,283	
MRY,LGB,296	
MRY,ONT,598	
MRY,PHX,376	
MRY,SAN,77	
MRY,SFO,607	
MRY,SLC,707	
MSN,ATL,87	
MSN,ATW,402	
MSN,CLE,373	
MSN,CVG,707	
MSN,DCA,826	
MSN,DEN,821	
MSN,DFW,247	
MSN,DSM,312	
MSN,DTW,799	
MSN,EWR,812	
MSN,LGA,386	
MSN,MCI,559	
MSN,MEM,74	
MSN,MKE,228	
MSN,MSP,109	
MSN,ORD,66	
MSN,RFD,679	
MSO,DEN,1013	
MSO,MSP,1332	
MSO,ORD,286	
MSO,PIH,769	
MSO,SFO,436	
MSO,SLC,981	
MSP,ABQ,979	
MSP,ALB,166	
MSP,ALO,2518	
MSP,ANC,906	
MSP,ATL,236	
MSP,ATW,1042	
MSP,AUS,861	
MSP,AVL,426	
MSP,AZO,1050	
MSP,BDL,1194	
MSP,BGR,748	
MSP,BIL,386	
MSP,BIS,199	
MSP,BJI,695	
MSP,BNA,1142	
MSP,BOI,1124	
MSP,BOS,986	
MSP,BTV,734	
MSP,BUF,936	
MSP,BWI,874	
MSP,BZN,1087	
MSP,CHS,221	
MSP,CID,622	
MSP,CLE,930	
MSP,CLT,627	
MSP,CMH,277	
MSP,CMX,725	
MSP,COS,674	
MSP,CPR,596	
MSP,CVG,175	
MSP,CWA,574	
MSP,DAY,931	
MSP,DCA,680	
MSP,DEN,852	
MSP,DFW,144	
MSP,DLH,232	
MSP,DSM,528	
MSP,DTW,788	
MSP,EGE,1008	
MSP,EWR,2466	
MSP,FAI,223	
MSP,FAR,1026	
MSP,FCA,1487	
MSP,FLL,491	
MSP,FNT,197	
MSP,FSD,488	
MSP,FWA,1175	
MSP,GEG,284	
MSP,GFK,252	
MSP,GRB,408	
MSP,GRR,924	
MSP,GSO,887	
MSP,GTF,774	
MSP,HDN,913	
MSP,HLN,3972	
MSP,HNL,908	
MSP,IAD,1034	
MSP,IAH,545	
MSP,ICT,939	
MSP,IDA,503	
MSP,IND,254	
MSP,INL,872	
MSP,JAC,1174	
MSP,JAX,1028	
MSP,JFK,455	
MSP,LAN,1300	
MSP,LAS,1536	
MSP,LAX,1020	
MSP,LGA,703	
MSP,LIT,331	
MSP,LNK,120	
MSP,LSE,463	
MSP,MBS,393	
MSP,MCI,1310	
MSP,MCO,898	
MSP,MDT,349	
MSP,MDW,700	
MSP,MEM,1501	
MSP,MIA,297	
MSP,MKE,274	
MSP,MLI,449	
MSP,MOT,228	
MSP,MSN,1013	
MSP,MSO,1085	
MSP,MYR,695	
MSP,OKC,282	
MSP,OMA,334	
MSP,ORD,1045	
MSP,ORF,1426	
MSP,PDX,980	
MSP,PHL,1276	
MSP,PHX,350	
MSP,PIR,726	
MSP,PIT,1454	
MSP,PSP,1116	
MSP,PVD,1136	
MSP,PWM,490	
MSP,RAP,981	
MSP,RDU,190	
MSP,RHI,970	
MSP,RIC,783	
MSP,ROC,76	
MSP,RST,1416	
MSP,RSW,1532	
MSP,SAN,1097	
MSP,SAT,1092	
MSP,SAV,411	
MSP,SBN,603	
MSP,SDF,1399	
MSP,SEA,1589	
MSP,SFO,528	
MSP,SGF,1576	
MSP,SJC,2404	
MSP,SJU,991	
MSP,SLC,1518	
MSP,SMF,1522	
MSP,SNA,392	
MSP,SPI,449	
MSP,STL,234	
MSP,SUX,1307	
MSP,TPA,616	
MSP,TUL,1298	
MSP,TUS,375	
MSP,TVC,792	
MSP,TYS,596	
MSP,XNA,425	
MSY,ATL,445	
MSY,AUS,321	
MSY,BHM,471	
MSY,BNA,1367	
MSY,BOS,998	
MSY,BWI,917	
MSY,CLE,651	
MSY,CLT,806	
MSY,CMH,700	
MSY,CVG,437	
MSY,DAL,969	
MSY,DCA,1062	
MSY,DEN,448	
MSY,DFW,926	
MSY,DTW,1167	
MSY,EWR,673	
MSY,FLL,303	
MSY,HOU,954	
MSY,IAD,305	
MSY,IAH,708	
MSY,IND,513	
MSY,JAX,1182	
MSY,JFK,1501	
MSY,LAS,1671	
MSY,LAX,1183	
MSY,LGA,690	
MSY,MCI,550	
MSY,MCO,825	
MSY,MDW,349	
MSY,MEM,674	
MSY,MIA,1040	
MSY,MSP,567	
MSY,OKC,837	
MSY,ORD,1088	
MSY,PHL,1301	
MSY,PHX,779	
MSY,RDU,495	
MSY,SAT,1428	
MSY,SLC,487	
MSY,TPA,1596	
MSY,TWF,1352	
MTJ,ATL,197	
MTJ,DEN,722	
MTJ,DFW,1795	
MTJ,EWR,926	
MTJ,IAH,666	
MTJ,LAX,1081	
MTJ,ORD,268	
MTJ,SLC,317	
MYR,ATL,738	
MYR,BOS,156	
MYR,CLT,489	
MYR,CVG,636	
MYR,DTW,550	
MYR,EWR,372	
MYR,IAD,71	
MYR,ILM,563	
MYR,LGA,1085	
MYR,MSP,473	
MYR,PHL,399	
OAJ,ATL,191	
OAJ,CLT,889	
OAK,ABQ,2130	
OAK,ATL,1497	
OAK,AUS,1959	
OAK,BNA,511	
OAK,BOI,2693	
OAK,BOS,325	
OAK,BUR,957	
OAK,DEN,1456	
OAK,DFW,2575	
OAK,FLL,723	
OAK,GEG,2409	
OAK,HNL,1642	
OAK,HOU,2408	
OAK,IAD,1628	
OAK,IAH,2576	
OAK,JFK,2378	
OAK,KOA,407	
OAK,LAS,337	
OAK,LAX,353	
OAK,LGB,1489	
OAK,MCI,1844	
OAK,MDW,2349	
OAK,OGG,361	
OAK,ONT,1835	
OAK,ORD,543	
OAK,PDX,646	
OAK,PHX,180	
OAK,RNO,446	
OAK,SAN,671	
OAK,SEA,588	
OAK,SLC,75	
OAK,SMF,371	
OAK,SNA,747	
OAK,TUS,2797	
OGG,ANC,3303	
OGG,DEN,3711	
OGG,DFW,100	
OGG,HNL,121	
OGG,ITO,84	
OGG,KOA,2486	
OGG,LAX,202	
OGG,LIH,2349	
OGG,OAK,2562	
OGG,PDX,2845	
OGG,PHX,2541	
OGG,SAN,2640	
OGG,SEA,2338	
OGG,SFO,2936	
OGG,SLC,2404	
OGG,SMF,2513	
OGG,SNA,510	
OKC,ABQ,761	
OKC,ATL,358	
OKC,AUS,589	
OKC,BMI,1180	
OKC,BWI,948	
OKC,CLE,756	
OKC,CVG,181	
OKC,DAL,495	
OKC,DEN,175	
OKC,DFW,900	
OKC,DTW,1325	
OKC,EWR,419	
OKC,HOU,1136	
OKC,IAD,395	
OKC,IAH,987	
OKC,LAS,1187	
OKC,LAX,313	
OKC,MCI,1068	
OKC,MCO,432	
OKC,MEM,695	
OKC,MSP,1140	
OKC,ONT,693	
OKC,ORD,833	
OKC,PHX,1136	
OKC,SAN,407	
OKC,SAT,866	
OKC,SLC,1342	
OKC,SMF,462	
OKC,STL,111	
OKC,TUL,725	
OMA,ABQ,821	
OMA,ATL,427	
OMA,ATW,732	
OMA,BHM,729	
OMA,CLE,498	
OMA,COS,614	
OMA,CVG,472	
OMA,DEN,583	
OMA,DFW,117	
OMA,DSM,651	
OMA,DTW,1133	
OMA,EWR,451	
OMA,GRB,781	
OMA,IAH,1099	
OMA,LAS,55	
OMA,LNK,1210	
OMA,MCO,423	
OMA,MDW,538	
OMA,MEM,426	
OMA,MKE,282	
OMA,MSP,1286	
OMA,ONT,416	
OMA,ORD,1037	
OMA,PHX,1313	
OMA,SAN,839	
OMA,SLC,342	
OMA,STL,1046	
OMA,TUS,539	
OME,ANC,183	
OME,OTZ,631	
ONT,ABQ,1900	
ONT,ATL,1197	
ONT,AUS,1751	
ONT,BNA,660	
ONT,BOI,789	
ONT,COS,819	
ONT,DEN,1189	
ONT,DFW,670	
ONT,ELP,222	
ONT,FAT,936	
ONT,GEG,614	
ONT,GJT,1334	
ONT,IAH,2430	
ONT,JFK,197	
ONT,LAS,47	
ONT,LAX,1318	
ONT,MCI,296	
ONT,MRY,361	
ONT,OAK,1140	
ONT,OKC,1286	
ONT,OMA,838	
ONT,PDX,325	
ONT,PHX,394	
ONT,RNO,94	
ONT,SAN,1167	
ONT,SAT,956	
ONT,SEA,363	
ONT,SFO,333	
ONT,SJC,558	
ONT,SLC,389	
ONT,SMF,1236	
ONT,TUL,409	
ONT,TUS,654	
ORD,ABE,1118	
ORD,ABQ,723	
ORD,ALB,2846	
ORD,ANC,1013	
ORD,ASE,606	
ORD,ATL,160	
ORD,ATW,978	
ORD,AUS,631	
ORD,AVP,122	
ORD,AZO,783	
ORD,BDL,584	
ORD,BHM,1060	
ORD,BIL,116	
ORD,BMI,409	
ORD,BNA,1437	
ORD,BOI,867	
ORD,BOS,810	
ORD,BTR,763	
ORD,BTV,473	
ORD,BUF,622	
ORD,BWI,1186	
ORD,BZN,666	
ORD,CAE,344	
ORD,CAK,501	
ORD,CHA,760	
ORD,CHS,196	
ORD,CID,316	
ORD,CLE,599	
ORD,CLT,296	
ORD,CMH,135	
ORD,CMI,911	
ORD,COS,949	
ORD,CPR,416	
ORD,CRW,264	
ORD,CVG,213	
ORD,CWA,798	
ORD,DAL,240	
ORD,DAY,147	
ORD,DBQ,612	
ORD,DCA,888	
ORD,DEN,802	
ORD,DFW,299	
ORD,DSM,235	
ORD,DTW,1007	
ORD,EGE,1236	
ORD,ELP,273	
ORD,EVV,719	
ORD,EWR,557	
ORD,FAR,1352	
ORD,FCA,1182	
ORD,FLL,223	
ORD,FNT,462	
ORD,FSD,157	
ORD,FWA,1498	
ORD,GEG,1100	
ORD,GJT,800	
ORD,GPT,174	
ORD,GRB,137	
ORD,GRR,590	
ORD,GSO,577	
ORD,GSP,1210	
ORD,GTF,1031	
ORD,GUC,1009	
ORD,HDN,4243	
ORD,HNL,738	
ORD,HPN,510	
ORD,HSV,589	
ORD,IAD,925	
ORD,IAH,588	
ORD,ICT,177	
ORD,IND,1162	
ORD,JAC,677	
ORD,JAN,865	
ORD,JAX,740	
ORD,JFK,179	
ORD,LAN,1515	
ORD,LAS,1745	
ORD,LAX,323	
ORD,LEX,733	
ORD,LGA,1735	
ORD,LGB,552	
ORD,LIT,466	
ORD,LNK,215	
ORD,LSE,222	
ORD,MBS,403	
ORD,MCI,1005	
ORD,MCO,594	
ORD,MDT,491	
ORD,MEM,843	
ORD,MHT,1197	
ORD,MIA,67	
ORD,MKE,139	
ORD,MLI,779	
ORD,MOB,303	
ORD,MQT,109	
ORD,MSN,1332	
ORD,MSO,334	
ORD,MSP,837	
ORD,MSY,1081	
ORD,MTJ,1835	
ORD,OAK,4184	
ORD,OGG,693	
ORD,OKC,416	
ORD,OMA,717	
ORD,ORF,1144	
ORD,PBI,1739	
ORD,PDX,678	
ORD,PHL,1440	
ORD,PHX,130	
ORD,PIA,412	
ORD,PIT,794	
ORD,PNS,1652	
ORD,PSP,849	
ORD,PVD,900	
ORD,PWM,780	
ORD,RAP,647	
ORD,RDU,642	
ORD,RIC,1671	
ORD,RNO,531	
ORD,ROA,528	
ORD,ROC,268	
ORD,RST,1120	
ORD,RSW,1723	
ORD,SAN,1041	
ORD,SAT,773	
ORD,SAV,84	
ORD,SBN,286	
ORD,SDF,1721	
ORD,SEA,1846	
ORD,SFO,438	
ORD,SGF,733	
ORD,SHV,1829	
ORD,SJC,2072	
ORD,SJU,1249	
ORD,SLC,1781	
ORD,SMF,1726	
ORD,SNA,174	
ORD,SPI,258	
ORD,STL,2116	
ORD,STT,607	
ORD,SYR,214	
ORD,TOL,1012	
ORD,TPA,585	
ORD,TUL,1437	
ORD,TUS,224	
ORD,TVC,475	
ORD,TYS,800	
ORD,VPS,522	
ORD,XNA,516	
ORF,ATL,395	
ORF,BDL,585	
ORF,BNA,2144	
ORF,BOI,468	
ORF,BOS,159	
ORF,BWI,435	
ORF,CLE,290	
ORF,CLT,485	
ORF,CVG,1213	
ORF,DFW,529	
ORF,DTW,284	
ORF,EWR,157	
ORF,IAD,1201	
ORF,IAH,543	
ORF,JAX,289	
ORF,JFK,2155	
ORF,LAS,655	
ORF,MCO,704	
ORF,MDW,782	
ORF,MEM,802	
ORF,MIA,1045	
ORF,MSP,717	
ORF,ORD,740	
ORF,PBI,435	
ORF,SAV,717	
ORF,TPA,170	
OTH,PDX,412	
OTH,SFO,549	
OTZ,ANC,183	
OTZ,OME,49	
OXR,LAX,157	
OXR,PSP,545	
PBI,ATL,1133	
PBI,BDL,1197	
PBI,BOS,883	
PBI,BWI,1020	
PBI,CLE,590	
PBI,CLT,931	
PBI,CMH,892	
PBI,CVG,857	
PBI,DCA,1679	
PBI,DEN,1103	
PBI,DFW,1087	
PBI,DTW,1024	
PBI,EWR,1057	
PBI,HPN,859	
PBI,IAD,956	
PBI,IAH,1052	
PBI,ISP,1028	
PBI,JFK,2158	
PBI,LAS,1035	
PBI,LGA,1144	
PBI,ORD,951	
PBI,PHL,952	
PBI,PIT,1077	
PBI,SWF,174	
PBI,TPA,1111	
PDX,ABQ,1542	
PDX,ANC,2172	
PDX,ATL,344	
PDX,BOI,2537	
PDX,BOS,817	
PDX,BUR,2282	
PDX,CLT,1975	
PDX,CVG,992	
PDX,DEN,1616	
PDX,DFW,1953	
PDX,DTW,106	
PDX,EUG,2433	
PDX,EWR,279	
PDX,GEG,2603	
PDX,HNL,2327	
PDX,IAD,1825	
PDX,IAH,2454	
PDX,JFK,762	
PDX,LAS,834	
PDX,LAX,846	
PDX,LGB,240	
PDX,LMT,1481	
PDX,MCI,2534	
PDX,MCO,1751	
PDX,MDW,222	
PDX,MFR,1644	
PDX,MSN,1426	
PDX,MSP,543	
PDX,OAK,2562	
PDX,OGG,838	
PDX,ONT,1739	
PDX,ORD,170	
PDX,OTH,2406	
PDX,PHL,1009	
PDX,PHX,873	
PDX,PSP,116	
PDX,RDM,444	
PDX,RNO,933	
PDX,SAN,129	
PDX,SEA,550	
PDX,SFO,569	
PDX,SJC,630	
PDX,SLC,479	
PDX,SMF,859	
PDX,SNA,247	
PFN,ATL,612	
PFN,CVG,290	
PFN,MCO,417	
PFN,MEM,508	
PHF,ATL,464	
PHF,BOS,792	
PHF,FLL,288	
PHF,LGA,662	
PHF,MCO,722	
PHF,TPA,212	
PHL,ALB,665	
PHL,ATL,746	
PHL,ATW,1430	
PHL,AUS,105	
PHL,AVP,196	
PHL,BDL,675	
PHL,BNA,280	
PHL,BOS,279	
PHL,BUF,90	
PHL,BWI,363	
PHL,CLE,448	
PHL,CLT,405	
PHL,CMH,507	
PHL,CVG,119	
PHL,DCA,1557	
PHL,DEN,1302	
PHL,DFW,453	
PHL,DTW,81	
PHL,EWR,992	
PHL,FLL,573	
PHL,GRR,1335	
PHL,HOU,134	
PHL,IAD,1324	
PHL,IAH,1205	
PHL,ICT,587	
PHL,IND,742	
PHL,JAX,94	
PHL,JFK,2176	
PHL,LAS,2401	
PHL,LAX,96	
PHL,LGA,861	
PHL,MCO,668	
PHL,MDW,874	
PHL,MEM,290	
PHL,MHT,1013	
PHL,MIA,690	
PHL,MKE,980	
PHL,MSP,1088	
PHL,MSY,678	
PHL,ORD,211	
PHL,ORF,951	
PHL,PBI,2406	
PHL,PDX,2075	
PHL,PHX,267	
PHL,PIT,238	
PHL,PVD,336	
PHL,RDU,198	
PHL,RIC,992	
PHL,RSW,2369	
PHL,SAN,1495	
PHL,SAT,576	
PHL,SDF,2378	
PHL,SEA,2521	
PHL,SFO,1576	
PHL,SJU,1926	
PHL,SLC,2458	
PHL,SMF,813	
PHL,STL,1605	
PHL,STT,228	
PHL,SYR,920	
PHL,TPA,328	
PHX,ABQ,2551	
PHX,ANC,491	
PHX,ASE,1587	
PHX,ATL,872	
PHX,AUS,2213	
PHX,BDL,425	
PHX,BFL,1455	
PHX,BHM,1448	
PHX,BNA,735	
PHX,BOI,2300	
PHX,BOS,1912	
PHX,BUF,369	
PHX,BUR,1999	
PHX,BWI,306	
PHX,CLD,1737	
PHX,CLE,1774	
PHX,CLT,1671	
PHX,CMH,551	
PHX,COS,1569	
PHX,CVG,1979	
PHX,DCA,602	
PHX,DEN,868	
PHX,DFW,351	
PHX,DRO,1149	
PHX,DSM,1671	
PHX,DTW,347	
PHX,ELP,952	
PHX,EUG,2133	
PHX,EWR,493	
PHX,FAT,119	
PHX,FLG,1972	
PHX,FLL,1020	
PHX,GEG,438	
PHX,GJT,2917	
PHX,HNL,1020	
PHX,HOU,1956	
PHX,IAD,1009	
PHX,IAH,870	
PHX,ICT,1489	
PHX,IND,2153	
PHX,JFK,2860	
PHX,KOA,256	
PHX,LAS,370	
PHX,LAX,355	
PHX,LGB,2979	
PHX,LIH,1136	
PHX,LIT,1044	
PHX,MCI,1848	
PHX,MCO,1444	
PHX,MDW,1263	
PHX,MEM,854	
PHX,MFR,2279	
PHX,MHT,1972	
PHX,MIA,1460	
PHX,MKE,598	
PHX,MRY,1276	
PHX,MSP,1301	
PHX,MSY,646	
PHX,OAK,2845	
PHX,OGG,833	
PHX,OKC,1037	
PHX,OMA,325	
PHX,ONT,1440	
PHX,ORD,1009	
PHX,PDX,2075	
PHX,PHL,1813	
PHX,PIT,261	
PHX,PSP,2277	
PHX,PVD,1891	
PHX,RDU,601	
PHX,RNO,304	
PHX,SAN,843	
PHX,SAT,455	
PHX,SBA,509	
PHX,SBP,1506	
PHX,SDF,1107	
PHX,SEA,651	
PHX,SFO,621	
PHX,SJC,507	
PHX,SLC,647	
PHX,SMF,338	
PHX,SNA,1262	
PHX,STL,387	
PHX,TEX,1788	
PHX,TPA,935	
PHX,TUL,110	
PHX,TUS,160	
PHX,YUM,564	
PIA,ATL,793	
PIA,DEN,673	
PIA,DFW,346	
PIA,DTW,836	
PIA,HPN,371	
PIA,LNK,130	
PIA,ORD,150	
PIH,SLC,1395	
PIR,JAX,350	
PIR,MSP,526	
PIT,ATL,496	
PIT,BOS,210	
PIT,BWI,366	
PIT,CLT,256	
PIT,CVG,205	
PIT,DCA,1290	
PIT,DEN,1068	
PIT,DFW,201	
PIT,DTW,319	
PIT,EWR,994	
PIT,FLL,488	
PIT,GRB,183	
PIT,IAD,1117	
PIT,IAH,340	
PIT,JFK,1910	
PIT,LAS,2136	
PIT,LAX,335	
PIT,LGA,773	
PIT,MCI,834	
PIT,MCO,402	
PIT,MDW,652	
PIT,MEM,1013	
PIT,MIA,431	
PIT,MKE,726	
PIT,MSP,412	
PIT,ORD,952	
PIT,PBI,267	
PIT,PHL,1813	
PIT,PHX,966	
PIT,RSW,2254	
PIT,SFO,1739	
PIT,SJU,1659	
PIT,SLC,873	
PIT,TPA,611	
PLN,DCA,243	
PLN,DTW,316	
PMD,SFO,272	
PNS,ATL,488	
PNS,CLT,604	
PNS,DFW,525	
PNS,FLL,489	
PNS,IAH,380	
PNS,MCO,355	
PNS,MEM,794	
PNS,ORD,330	
PNS,TPA,853	
PSC,DEN,521	
PSC,SLC,347	
PSC,TWF,1627	
PSE,EWR,1032	
PSE,FLL,1617	
PSE,JFK,1180	
PSE,MCO,123	
PSG,JNU,31	
PSG,WRG,776	
PSP,DEN,1126	
PSP,DFW,273	
PSP,FAT,575	
PSP,GJT,1269	
PSP,IAH,173	
PSP,LAS,110	
PSP,LAX,1454	
PSP,MSP,65	
PSP,ONT,1652	
PSP,ORD,873	
PSP,PDX,261	
PSP,PHX,987	
PSP,SEA,421	
PSP,SFO,541	
PSP,SLC,607	
PSP,TWF,37	
PUB,COS,903	
PVD,ATL,66	
PVD,BDL,907	
PVD,BNA,49	
PVD,BOS,328	
PVD,BWI,540	
PVD,CLE,683	
PVD,CLT,722	
PVD,CVG,357	
PVD,DCA,614	
PVD,DTW,160	
PVD,EWR,1188	
PVD,FLL,372	
PVD,IAD,144	
PVD,JFK,2363	
PVD,LAS,1073	
PVD,MCO,842	
PVD,MDW,1116	
PVD,MSP,849	
PVD,ORD,238	
PVD,PHL,2277	
PVD,PHX,1137	
PVD,TPA,1027	
PWM,ATL,95	
PWM,BOS,452	
PWM,BWI,609	
PWM,CLE,812	
PWM,CLT,810	
PWM,CVG,668	
PWM,DTW,284	
PWM,EWR,494	
PWM,IAD,274	
PWM,JFK,1214	
PWM,MCO,1136	
PWM,MSP,900	
PWM,ORD,301	
RAP,DEN,490	
RAP,MSP,780	
RAP,ORD,508	
RAP,SLC,586	
RAP,TWF,440	
RDD,SBA,199	
RDD,SFO,131	
RDD,SMF,899	
RDM,DEN,456	
RDM,IDA,116	
RDM,PDX,462	
RDM,SFO,526	
RDM,SLC,356	
RDU,ATL,1162	
RDU,AUS,532	
RDU,BDL,481	
RDU,BHM,443	
RDU,BNA,612	
RDU,BOS,255	
RDU,BWI,416	
RDU,CLE,130	
RDU,CLT,361	
RDU,CMH,390	
RDU,CVG,227	
RDU,DCA,1436	
RDU,DEN,1062	
RDU,DFW,501	
RDU,DTW,416	
RDU,EWR,680	
RDU,FLL,772	
RDU,GRB,224	
RDU,IAD,1043	
RDU,IAH,489	
RDU,IND,408	
RDU,JAX,426	
RDU,JFK,2027	
RDU,LAS,2239	
RDU,LAX,431	
RDU,LGA,904	
RDU,MCI,534	
RDU,MCO,632	
RDU,MDW,634	
RDU,MEM,700	
RDU,MIA,689	
RDU,MKE,981	
RDU,MSP,779	
RDU,MSY,647	
RDU,ORD,336	
RDU,PHL,1891	
RDU,PHX,1225	
RDU,SAT,416	
RDU,SDF,1823	
RDU,SLC,667	
RDU,STL,587	
RDU,TPA,868	
RDU,XNA,829	
RFD,DEN,190	
RHI,MSP,481	
RIC,ATL,474	
RIC,BOS,362	
RIC,CLE,256	
RIC,CLT,413	
RIC,CVG,94	
RIC,DCA,1158	
RIC,DFW,456	
RIC,DTW,278	
RIC,EWR,805	
RIC,FLL,1157	
RIC,IAH,545	
RIC,JAX,288	
RIC,JFK,292	
RIC,LGA,667	
RIC,MCO,726	
RIC,MEM,826	
RIC,MIA,970	
RIC,MSP,642	
RIC,ORD,75	
RIC,ORF,198	
RIC,PHL,139	
RIC,RDU,260	
RKS,DEN,261	
RKS,GCC,161	
RKS,SLC,1993	
RNO,ATL,335	
RNO,BOI,374	
RNO,BUR,804	
RNO,DEN,1345	
RNO,DFW,572	
RNO,GEG,1530	
RNO,IAH,345	
RNO,LAS,390	
RNO,LAX,402	
RNO,LGB,1680	
RNO,MDW,180	
RNO,OAK,394	
RNO,ONT,1671	
RNO,ORD,444	
RNO,PDX,601	
RNO,PHX,442	
RNO,PIH,488	
RNO,SAN,564	
RNO,SEA,192	
RNO,SFO,188	
RNO,SJC,422	
RNO,SLC,415	
RNO,SNA,710	
RNO,TUS,357	
ROA,ATL,221	
ROA,BWI,155	
ROA,CLT,282	
ROA,CVG,382	
ROA,DTW,177	
ROA,IAD,637	
ROA,MSN,531	
ROA,ORD,749	
ROC,ATL,343	
ROC,BOS,277	
ROC,BWI,245	
ROC,CLE,573	
ROC,CLT,461	
ROC,CVG,1266	
ROC,DFW,296	
ROC,DTW,246	
ROC,EWR,1184	
ROC,FLL,289	
ROC,IAD,264	
ROC,JFK,2041	
ROC,LAS,1033	
ROC,MCO,783	
ROC,MSP,528	
ROC,ORD,1079	
ROC,TPA,435	
ROW,DFW,477	
RST,DTW,76	
RST,MSP,268	
RST,ORD,515	
RSW,ATL,1180	
RSW,BDL,1249	
RSW,BOS,1144	
RSW,BUF,919	
RSW,BWI,991	
RSW,CAK,1025	
RSW,CLE,600	
RSW,CLT,930	
RSW,CMH,879	
RSW,CVG,892	
RSW,DCA,1606	
RSW,DEN,1017	
RSW,DFW,1085	
RSW,DTW,1068	
RSW,EWR,1138	
RSW,FNT,1102	
RSW,HPN,890	
RSW,IAD,861	
RSW,IAH,946	
RSW,IND,1101	
RSW,ISP,1074	
RSW,JFK,1080	
RSW,LGA,1155	
RSW,MCI,133	
RSW,MCO,1105	
RSW,MDW,763	
RSW,MEM,105	
RSW,MIA,1183	
RSW,MKE,1416	
RSW,MSP,1120	
RSW,ORD,103	
RSW,PBI,992	
RSW,PHL,966	
RSW,PIT,979	
RSW,STL,628	
SAN,ABQ,1891	
SAN,ATL,1164	
SAN,AUS,215	
SAN,BFL,1751	
SAN,BNA,749	
SAN,BOI,2588	
SAN,BOS,2295	
SAN,BWI,2026	
SAN,CLE,2077	
SAN,CLT,816	
SAN,COS,1865	
SAN,CVG,853	
SAN,DEN,1171	
SAN,DFW,1957	
SAN,DTW,636	
SAN,ELP,2425	
SAN,EWR,314	
SAN,FAT,1027	
SAN,GEG,2614	
SAN,HNL,1312	
SAN,HOU,2253	
SAN,IAD,1303	
SAN,IAH,2446	
SAN,JFK,2556	
SAN,KOA,258	
SAN,LAS,109	
SAN,LAX,2677	
SAN,LIH,1333	
SAN,MCI,2148	
SAN,MCO,1728	
SAN,MDW,1567	
SAN,MEM,1738	
SAN,MKE,376	
SAN,MRY,1532	
SAN,MSP,446	
SAN,OAK,2541	
SAN,OGG,1136	
SAN,OKC,1313	
SAN,OMA,94	
SAN,ONT,1723	
SAN,ORD,933	
SAN,PDX,2369	
SAN,PHL,304	
SAN,PHX,488	
SAN,RNO,1129	
SAN,SAT,1050	
SAN,SEA,447	
SAN,SFO,417	
SAN,SJC,626	
SAN,SLC,480	
SAN,SMF,1558	
SAN,STL,1236	
SAN,TUL,367	
SAN,TUS,609	
SAT,ABQ,436	
SAT,AMA,874	
SAT,ATL,66	
SAT,AUS,822	
SAT,BNA,1407	
SAT,BWI,1241	
SAT,CLE,1095	
SAT,CLT,1024	
SAT,CVG,248	
SAT,DAL,794	
SAT,DEN,247	
SAT,DFW,1215	
SAT,DTW,496	
SAT,ELP,1569	
SAT,EWR,192	
SAT,HOU,233	
SAT,HRL,1362	
SAT,IAD,191	
SAT,IAH,986	
SAT,IND,1069	
SAT,LAS,1210	
SAT,LAX,706	
SAT,MCI,1040	
SAT,MCO,1036	
SAT,MDW,625	
SAT,MEM,742	
SAT,MGM,1097	
SAT,MSP,495	
SAT,MSY,407	
SAT,OKC,1167	
SAT,ONT,1041	
SAT,ORD,1495	
SAT,PHL,843	
SAT,PHX,1225	
SAT,RDU,1129	
SAT,SAN,1482	
SAT,SFO,1086	
SAT,SLC,1463	
SAT,SMF,786	
SAT,STL,972	
SAT,TPA,483	
SAT,TUL,762	
SAT,TUS,215	
SAV,ATL,901	
SAV,BOS,86	
SAV,CHS,641	
SAV,CLE,213	
SAV,CLT,515	
SAV,CVG,925	
SAV,DFW,706	
SAV,DTW,708	
SAV,EWR,515	
SAV,IAD,851	
SAV,IAH,117	
SAV,JAX,722	
SAV,LGA,545	
SAV,MEM,1092	
SAV,MSP,773	
SAV,ORD,916	
SBA,DEN,1315	
SBA,DFW,288	
SBA,LAS,89	
SBA,LAX,187	
SBA,MRY,455	
SBA,PHX,72	
SBA,SBP,262	
SBA,SFO,234	
SBA,SJC,615	
SBA,SLC,566	
SBN,ATL,203	
SBN,CVG,157	
SBN,DTW,411	
SBN,MSP,84	
SBN,ORD,118	
SBP,FAT,314	
SBP,LAS,155	
SBP,LAX,507	
SBP,MFR,115	
SBP,MRY,509	
SBP,PHX,191	
SBP,SFO,608	
SBP,SLC,626	
SCC,ANC,204	
SCC,BRW,615	
SCE,ATL,383	
SCE,CVG,300	
SCE,DTW,321	
SDF,ATL,323	
SDF,BHM,829	
SDF,BOS,495	
SDF,BWI,304	
SDF,CLE,336	
SDF,CLT,83	
SDF,CVG,1023	
SDF,DEN,733	
SDF,DFW,306	
SDF,DTW,642	
SDF,EWR,788	
SDF,IAH,1624	
SDF,LAS,658	
SDF,LGA,718	
SDF,MCO,271	
SDF,MDW,320	
SDF,MEM,911	
SDF,MIA,348	
SDF,MKE,603	
SDF,MSP,286	
SDF,ORD,576	
SDF,PHL,1506	
SDF,PHX,416	
SDF,RDU,1408	
SDF,SLC,241	
SDF,SPI,254	
SDF,STL,727	
SDF,TPA,1180	
SEA,ABQ,1449	
SEA,ANC,2182	
SEA,ATL,1770	
SEA,AUS,1977	
SEA,BNA,399	
SEA,BOI,2496	
SEA,BOS,937	
SEA,BUR,2335	
SEA,BWI,2021	
SEA,CLE,2279	
SEA,CLT,1964	
SEA,CVG,2329	
SEA,DCA,1024	
SEA,DEN,1660	
SEA,DFW,1927	
SEA,DTW,2401	
SEA,EWR,1533	
SEA,FAI,224	
SEA,GEG,2677	
SEA,HNL,2306	
SEA,IAD,1874	
SEA,IAH,1866	
SEA,IND,2421	
SEA,JFK,909	
SEA,JNU,2688	
SEA,KOA,680	
SEA,KTN,866	
SEA,LAS,954	
SEA,LAX,965	
SEA,LGB,2701	
SEA,LIH,1489	
SEA,MCI,2553	
SEA,MCO,1733	
SEA,MDW,1870	
SEA,MEM,2724	
SEA,MIA,1694	
SEA,MKE,1399	
SEA,MSP,671	
SEA,OAK,2640	
SEA,OGG,956	
SEA,ONT,1721	
SEA,ORD,129	
SEA,PDX,2378	
SEA,PHL,1107	
SEA,PHX,987	
SEA,PSP,564	
SEA,RNO,1050	
SEA,SAN,679	
SEA,SFO,862	
SEA,SIT,697	
SEA,SJC,689	
SEA,SLC,605	
SEA,SMF,978	
SEA,SNA,1710	
SEA,STL,1216	
SEA,TUS,896	
SFO,ABQ,250	
SFO,ACV,2018	
SFO,ANC,848	
SFO,ASE,2139	
SFO,ATL,1504	
SFO,AUS,238	
SFO,BFL,522	
SFO,BOI,2704	
SFO,BOS,326	
SFO,BUR,2457	
SFO,BWI,807	
SFO,BZN,304	
SFO,CEC,153	
SFO,CIC,2161	
SFO,CLE,2296	
SFO,CLT,963	
SFO,COS,2036	
SFO,CVG,967	
SFO,DEN,1464	
SFO,DFW,2079	
SFO,DTW,451	
SFO,EUG,2565	
SFO,EWR,158	
SFO,FAT,844	
SFO,FCA,759	
SFO,GJT,2398	
SFO,HNL,2419	
SFO,IAD,1635	
SFO,IAH,677	
SFO,IDA,1944	
SFO,IND,2586	
SFO,JFK,2367	
SFO,KOA,414	
SFO,LAS,337	
SFO,LAX,354	
SFO,LGB,2447	
SFO,LIH,315	
SFO,LMT,2445	
SFO,MCO,1855	
SFO,MDW,1807	
SFO,MEM,329	
SFO,MFR,2585	
SFO,MIA,1845	
SFO,MKE,78	
SFO,MOD,77	
SFO,MRY,769	
SFO,MSO,1589	
SFO,MSP,2338	
SFO,OGG,363	
SFO,ONT,1846	
SFO,ORD,412	
SFO,OTH,550	
SFO,PDX,2521	
SFO,PHL,651	
SFO,PHX,2254	
SFO,PIT,316	
SFO,PMD,421	
SFO,PSP,199	
SFO,RDD,462	
SFO,RDM,192	
SFO,RNO,447	
SFO,SAN,1482	
SFO,SAT,262	
SFO,SBA,191	
SFO,SBP,679	
SFO,SEA,30	
SFO,SJC,599	
SFO,SLC,86	
SFO,SMF,216	
SFO,SMX,372	
SFO,SNA,1736	
SFO,STL,751	
SFO,TUS,536	
SFO,TWF,563	
SGF,ATL,380	
SGF,BNA,491	
SGF,CVG,637	
SGF,DEN,364	
SGF,DFW,635	
SGF,DTW,472	
SGF,FSD,243	
SGF,MEM,528	
SGF,MSP,438	
SGF,ORD,195	
SGF,STL,50	
SGU,CDC,348	
SGU,LAX,405	
SGU,PIH,279	
SGU,PSP,269	
SGU,SLC,375	
SGU,TWF,552	
SHV,ATL,190	
SHV,DFW,886	
SHV,DTW,192	
SHV,IAH,285	
SHV,MEM,733	
SHV,ORD,95	
SIT,JNU,183	
SIT,KTN,862	
SIT,SEA,2116	
SJC,ATL,1476	
SJC,AUS,208	
SJC,BFL,2689	
SJC,BOS,296	
SJC,BUR,948	
SJC,DEN,1438	
SJC,DFW,2548	
SJC,EWR,129	
SJC,FAT,2416	
SJC,HNL,2400	
SJC,IAD,1608	
SJC,IAH,2569	
SJC,JFK,386	
SJC,LAS,308	
SJC,LAX,324	
SJC,LGB,1838	
SJC,MDW,1576	
SJC,MSP,333	
SJC,ONT,1829	
SJC,ORD,569	
SJC,PDX,621	
SJC,PHX,188	
SJC,RNO,417	
SJC,SAN,234	
SJC,SBA,697	
SJC,SEA,30	
SJC,SFO,585	
SJC,SLC,188	
SJC,SMX,342	
SJC,SNA,228	
SJT,DFW,1547	
SJU,ATL,1666	
SJU,BDL,1674	
SJU,BOS,1565	
SJU,BWI,1839	
SJU,CLE,1474	
SJU,CLT,2165	
SJU,DFW,1929	
SJU,DTW,1608	
SJU,EWR,1046	
SJU,FLL,1571	
SJU,IAD,2007	
SJU,IAH,1597	
SJU,JFK,3386	
SJU,LAX,1189	
SJU,MCO,1863	
SJU,MEM,1045	
SJU,MIA,2404	
SJU,MSP,2072	
SJU,ORD,1576	
SJU,PHL,1739	
SJU,PIT,68	
SJU,STT,1237	
SJU,TPA,493	
SLC,ABQ,635	
SLC,ACV,2125	
SLC,ANC,291	
SLC,ASE,1589	
SLC,ATL,1085	
SLC,AUS,534	
SLC,BFL,1472	
SLC,BHM,387	
SLC,BIL,757	
SLC,BLI,1403	
SLC,BNA,291	
SLC,BOI,2105	
SLC,BOS,357	
SLC,BTM,574	
SLC,BUR,1864	
SLC,BWI,347	
SLC,BZN,221	
SLC,CDC,1565	
SLC,CLE,1727	
SLC,CLT,1529	
SLC,CMH,298	
SLC,COD,410	
SLC,COS,320	
SLC,CPR,1449	
SLC,CVG,375	
SLC,CYS,1851	
SLC,DCA,391	
SLC,DEN,988	
SLC,DFW,338	
SLC,DRO,955	
SLC,DSM,1481	
SLC,DTW,200	
SLC,EKO,693	
SLC,ELP,619	
SLC,EUG,1968	
SLC,EWR,2184	
SLC,FAI,865	
SLC,FAR,501	
SLC,FAT,532	
SLC,FCA,2083	
SLC,FLL,804	
SLC,FSD,410	
SLC,GCC,546	
SLC,GEG,217	
SLC,GJT,463	
SLC,GTF,310	
SLC,GUC,251	
SLC,HDN,402	
SLC,HLN,2994	
SLC,HNL,1827	
SLC,IAD,1195	
SLC,IAH,188	
SLC,IDA,205	
SLC,JAC,1989	
SLC,JFK,368	
SLC,LAS,590	
SLC,LAX,744	
SLC,LBB,1982	
SLC,LGA,589	
SLC,LGB,1156	
SLC,LIT,461	
SLC,LWS,919	
SLC,MCI,1929	
SLC,MCO,1258	
SLC,MDW,575	
SLC,MFR,1246	
SLC,MKE,607	
SLC,MRY,436	
SLC,MSO,991	
SLC,MSP,1428	
SLC,MSY,268	
SLC,MTJ,588	
SLC,OAK,28	
SLC,OGD,2936	
SLC,OGG,866	
SLC,OKC,839	
SLC,OMA,558	
SLC,ONT,1249	
SLC,ORD,630	
SLC,PDX,1926	
SLC,PHL,507	
SLC,PHX,150	
SLC,PIH,1659	
SLC,PIT,521	
SLC,PSC,541	
SLC,PSP,508	
SLC,RAP,526	
SLC,RDM,1823	
SLC,RDU,161	
SLC,RKS,422	
SLC,RNO,626	
SLC,SAN,1086	
SLC,SAT,615	
SLC,SBA,608	
SLC,SBP,1408	
SLC,SDF,689	
SLC,SEA,599	
SLC,SFO,1027	
SLC,SGF,269	
SLC,SGU,585	
SLC,SJC,628	
SLC,SLE,532	
SLC,SMF,588	
SLC,SNA,1156	
SLC,STL,223	
SLC,SUN,1887	
SLC,TPA,926	
SLC,TUL,601	
SLC,TUS,175	
SLC,TWF,273	
SLC,WYS,1004	
SLC,XNA,586	
SLC,YKM,580	
SLC,YUM,628	
SLE,SLC,458	
SLE,TWF,866	
SMF,ABQ,207	
SMF,ACV,2092	
SMF,ATL,265	
SMF,BFL,358	
SMF,BUR,2244	
SMF,CLT,911	
SMF,COS,910	
SMF,DEN,1431	
SMF,DFW,649	
SMF,GEG,2462	
SMF,HNL,2358	
SMF,IAD,1609	
SMF,IAH,2521	
SMF,JFK,397	
SMF,LAS,373	
SMF,LAX,387	
SMF,LGB,1442	
SMF,MCI,1790	
SMF,MDW,1518	
SMF,MSP,2404	
SMF,OGG,1342	
SMF,OKC,389	
SMF,ONT,1781	
SMF,ORD,479	
SMF,PDX,2458	
SMF,PHL,647	
SMF,PHX,131	
SMF,RDD,480	
SMF,SAN,1463	
SMF,SAT,310	
SMF,SBA,605	
SMF,SEA,86	
SMF,SFO,532	
SMF,SLC,404	
SMF,SNA,1419	
SMF,TUL,752	
SMF,TUS,135	
SMX,LAX,1919	
SNA,ATL,1209	
SNA,AUS,1877	
SNA,CVG,846	
SNA,DEN,1205	
SNA,DFW,2433	
SNA,EWR,2583	
SNA,HNL,1347	
SNA,IAH,2530	
SNA,KOA,226	
SNA,LAS,36	
SNA,LAX,2644	
SNA,LIH,1522	
SNA,MSP,371	
SNA,OAK,2513	
SNA,OGG,1726	
SNA,ORD,859	
SNA,PDX,338	
SNA,PHX,415	
SNA,RNO,76	
SNA,SAN,978	
SNA,SEA,372	
SNA,SFO,342	
SNA,SJC,588	
SNA,SLC,404	
SNA,SMF,1570	
SNA,STL,657	
SPI,IAD,174	
SPI,ORD,113	
SPS,DFW,445	
SRQ,ATL,1220	
SRQ,BOS,880	
SRQ,BWI,967	
SRQ,CLE,547	
SRQ,CLT,812	
SRQ,CVG,851	
SRQ,DCA,1023	
SRQ,DTW,1034	
SRQ,EWR,796	
SRQ,IAH,876	
SRQ,IND,1041	
SRQ,JFK,1047	
SRQ,LGA,1035	
SRQ,MDW,903	
SRQ,STL,40	
SRQ,TPA,934	
STL,ABQ,483	
STL,ATL,722	
STL,AUS,410	
STL,BHM,271	
STL,BNA,1046	
STL,BOS,737	
STL,BWI,487	
STL,CLE,575	
STL,CLT,410	
STL,CMH,307	
STL,CVG,546	
STL,DAL,719	
STL,DCA,770	
STL,DEN,551	
STL,DFW,440	
STL,DTW,872	
STL,EWR,1056	
STL,FLL,687	
STL,HOU,668	
STL,IAH,892	
STL,JFK,1372	
STL,LAS,1593	
STL,LAX,887	
STL,LGA,296	
STL,LIT,237	
STL,MCI,880	
STL,MCO,251	
STL,MDW,256	
STL,MEM,1068	
STL,MIA,317	
STL,MKE,449	
STL,MSP,462	
STL,OKC,342	
STL,OMA,258	
STL,ORD,813	
STL,PHL,1262	
STL,PHX,667	
STL,RDU,979	
STL,RSW,1558	
STL,SAN,786	
STL,SAT,254	
STL,SDF,1710	
STL,SEA,1736	
STL,SFO,195	
STL,SGF,1156	
STL,SLC,1570	
STL,SNA,903	
STL,SRQ,869	
STL,TPA,351	
STL,TUL,1599	
STT,ATL,1693	
STT,BOS,1520	
STT,CLT,1634	
STT,EWR,1623	
STT,JFK,1634	
STT,LGA,1107	
STT,MIA,1605	
STT,PHL,68	
STT,SJU,1638	
STX,ATL,1562	
STX,CLT,1380	
STX,JAX,1680	
STX,MGM,1139	
STX,MIA,223	
SUN,SLC,71	
SUN,TWF,234	
SUX,MSP,784	
SWF,ATL,79	
SWF,BDL,170	
SWF,BOS,479	
SWF,DTW,1119	
SWF,FLL,989	
SWF,MCO,1077	
SWF,PBI,1048	
SWF,TPA,793	
SYR,ATL,314	
SYR,CAK,317	
SYR,CLE,603	
SYR,CLT,527	
SYR,CVG,298	
SYR,DCA,1337	
SYR,DFW,374	
SYR,DTW,194	
SYR,EWR,1197	
SYR,FLL,296	
SYR,IAD,209	
SYR,JFK,1053	
SYR,MCO,607	
SYR,ORD,228	
SYR,PHL,387	
TEX,PHX,223	
TLH,ATL,386	
TLH,CLT,393	
TLH,FLL,658	
TLH,IAH,227	
TLH,MCO,458	
TLH,MEM,403	
TLH,MIA,200	
TLH,TPA,549	
TOL,ATL,181	
TOL,CVG,214	
TOL,ORD,1497	
TPA,ABQ,1130	
TPA,ALB,406	
TPA,ATL,928	
TPA,AUS,1111	
TPA,BDL,460	
TPA,BHM,612	
TPA,BNA,1185	
TPA,BOS,1054	
TPA,BUF,842	
TPA,BWI,894	
TPA,CAK,927	
TPA,CLE,508	
TPA,CLT,829	
TPA,CMH,773	
TPA,CVG,828	
TPA,DAY,814	
TPA,DCA,1506	
TPA,DEN,929	
TPA,DFW,983	
TPA,DTW,998	
TPA,EWR,197	
TPA,FLL,1036	
TPA,FNT,429	
TPA,GPT,781	
TPA,HOU,1032	
TPA,HPN,810	
TPA,IAD,787	
TPA,IAH,838	
TPA,IND,1034	
TPA,ISP,180	
TPA,JAX,1005	
TPA,JFK,1984	
TPA,LAS,2158	
TPA,LAX,1011	
TPA,LGA,1048	
TPA,MCI,80	
TPA,MCO,997	
TPA,MDW,656	
TPA,MEM,1204	
TPA,MHT,204	
TPA,MIA,1075	
TPA,MKE,1307	
TPA,MSP,487	
TPA,MSY,1012	
TPA,ORD,717	
TPA,ORF,174	
TPA,PBI,722	
TPA,PHF,920	
TPA,PHL,1788	
TPA,PHX,873	
TPA,PIT,330	
TPA,PNS,1137	
TPA,PVD,587	
TPA,RDU,1079	
TPA,ROC,972	
TPA,SAT,727	
TPA,SDF,1237	
TPA,SJU,1887	
TPA,SLC,869	
TPA,STL,1048	
TPA,SWF,200	
TPA,TLH,227	
TRI,ATL,120	
TRI,CLT,216	
TRI,CVG,437	
TRI,MEM,608	
TUL,ABQ,636	
TUL,ASE,674	
TUL,ATL,426	
TUL,AUS,646	
TUL,CVG,237	
TUL,DAL,541	
TUL,DEN,237	
TUL,DFW,790	
TUL,DTW,1215	
TUL,EWR,720	
TUL,GJT,453	
TUL,HOU,429	
TUL,IAH,1076	
TUL,LAS,1283	
TUL,LAX,223	
TUL,MCI,1005	
TUL,MCO,342	
TUL,MEM,616	
TUL,MSP,111	
TUL,OKC,352	
TUL,OMA,1236	
TUL,ONT,585	
TUL,ORD,935	
TUL,PHX,456	
TUL,PIA,1236	
TUL,SAN,483	
TUL,SAT,926	
TUL,SLC,1419	
TUL,SMF,351	
TUL,STL,89	
TUL,XNA,253	
TUP,ATL,321	
TUS,ABQ,1541	
TUS,ATL,797	
TUS,AUS,1735	
TUS,CLT,639	
TUS,DEN,813	
TUS,DFW,269	
TUS,ELP,2116	
TUS,EWR,1125	
TUS,GEG,1933	
TUS,IAD,936	
TUS,IAH,2136	
TUS,JFK,365	
TUS,LAS,451	
TUS,LAX,1036	
TUS,MCI,1440	
TUS,MDW,1298	
TUS,MSP,747	
TUS,OAK,1046	
TUS,OMA,409	
TUS,ONT,1437	
TUS,ORD,110	
TUS,PHX,344	
TUS,PSP,710	
TUS,RNO,367	
TUS,SAN,762	
TUS,SAT,1216	
TUS,SEA,751	
TUS,SFO,601	
TUS,SLC,752	
TUS,SMF,396	
TVC,CVG,1031	
TVC,DEN,207	
TVC,DTW,655	
TVC,LGA,217	
TVC,MSN,375	
TVC,MSP,224	
TVC,ORD,116	
TWF,BOI,175	
TWF,SLC,71	
TWF,SUN,181	
TXK,DFW,103	
TYR,DFW,152	
TYS,ATL,882	
TYS,AUS,403	
TYS,CLE,226	
TYS,CVG,1162	
TYS,DEN,772	
TYS,DFW,443	
TYS,DTW,631	
TYS,EWR,419	
TYS,IAD,772	
TYS,IAH,647	
TYS,LGA,635	
TYS,MCI,532	
TYS,MCO,342	
TYS,MEM,792	
TYS,MSP,475	
TYS,ORD,208	
VLD,ATL,264	
VPS,ATL,608	
VPS,CVG,626	
VPS,DFW,510	
VPS,IAH,1019	
VPS,LGA,369	
VPS,MEM,800	
VPS,ORD,82	
WRG,KTN,31	
WRG,PSG,273	
WYS,SLC,589	
XNA,ATL,468	
XNA,BHM,765	
XNA,CAK,597	
XNA,COS,561	
XNA,CVG,963	
XNA,DCA,616	
XNA,DEN,281	
XNA,DFW,716	
XNA,DTW,1130	
XNA,EWR,745	
XNA,FAR,438	
XNA,IAH,1371	
XNA,LAX,549	
XNA,LEX,1147	
XNA,LGA,258	
XNA,MEM,1100	
XNA,MIA,596	
XNA,MSP,522	
XNA,ORD,868	
XNA,RDU,495	
XNA,RFD,84	
XNA,SGF,1004	
XNA,SLC,213	
YAK,CDV,199	
YAK,JNU,586	
YKM,SLC,561	
YUM,GJT,58	
YUM,IPL,238	
YUM,LAS,237	
YUM,LAX,160	
YUM,PHX,580	
YUM,SLC,580	
